Run,Experiment,LibraryName,LibraryStrategy,LibrarySelection,SRAStudy,BioProject,ProjectID,Sample,BioSample,SampleName,Sex,CenterName,Submission,stage,description
ERR3436535,ERX3458558,,RNA-Seq,cDNA,ERP116159,PRJEB33372,579111,ERS3563458,SAMEA5760009,SAMEA5760009,,UT AUSTIN,ERA2039761,gametophyte,spore
ERR3436536,ERX3458559,,RNA-Seq,cDNA,ERP116159,PRJEB33372,579111,ERS3563459,SAMEA5760010,SAMEA5760010,,UT AUSTIN,ERA2039761,sporophyte,frond
ERR3436537,ERX3458560,,RNA-Seq,cDNA,ERP116159,PRJEB33372,579111,ERS3563460,SAMEA5760011,SAMEA5760011,,UT AUSTIN,ERA2039761,gametophyte,mature gametophyte
SRR29324701,SRX24841136,WT_HG_5 DAG_1,RNA-Seq,cDNA,SRP512486,PRJNA1121398,1121398,SRS21552653,SAMN41749063,Ceratopteris WT 5 DAG Hermaphrodites biological replicate 1,hermaphrodite,PURDUE UNIVERSITY,SRA1892180,gametophyte,5 DAG WT hermaphrodite
SRR29324700,SRX24841137,WT_HG_5 DAG_2,RNA-Seq,cDNA,SRP512486,PRJNA1121398,1121398,SRS21552654,SAMN41749064,Ceratopteris WT 5 DAG Hermaphrodites biological replicate 2,hermaphrodite,PURDUE UNIVERSITY,SRA1892180,gametophyte,5 DAG WT hermaphrodite
SRR29324688,SRX24841148,WT_HG_5 DAG_3,RNA-Seq,cDNA,SRP512486,PRJNA1121398,1121398,SRS21552665,SAMN41749065,Ceratopteris WT 5 DAG Hermaphrodites biological replicate 3,hermaphrodite,PURDUE UNIVERSITY,SRA1892180,gametophyte,5 DAG WT hermaphrodite
SRR29324689,SRX24841153,WT_HG_5 DAG_4,RNA-Seq,cDNA,SRP512486,PRJNA1121398,1121398,SRS21552670,SAMN41749066,Ceratopteris WT 5 DAG Hermaphrodites biological replicate 4,hermaphrodite,PURDUE UNIVERSITY,SRA1892180,gametophyte,5 DAG WT hermaphrodite
SRR29324682,SRX24841154,CrHAM KD_HG_5 DAG_1,RNA-Seq,cDNA,SRP512486,PRJNA1121398,1121398,SRS21552671,SAMN41749067,Ceratopteris CrHAM KD #37 5 DAG Hermaphrodites biological replicate 1,hermaphrodite,PURDUE UNIVERSITY,SRA1892180,gametophyte,5 DAG CrHAM KF hermaphrodite
SRR29324681,SRX24841155,CrHAM KD_HG_5 DAG_2,RNA-Seq,cDNA,SRP512486,PRJNA1121398,1121398,SRS21552672,SAMN41749068,Ceratopteris CrHAM KD #37 5 DAG Hermaphrodites biological replicate 2,hermaphrodite,PURDUE UNIVERSITY,SRA1892180,gametophyte,5 DAG CrHAM KF hermaphrodite
SRR29324680,SRX24841156,CrHAM KD_HG_5 DAG_3,RNA-Seq,cDNA,SRP512486,PRJNA1121398,1121398,SRS21552673,SAMN41749069,Ceratopteris CrHAM KD #37 5 DAG Hermaphrodites biological replicate 3,hermaphrodite,PURDUE UNIVERSITY,SRA1892180,gametophyte,5 DAG CrHAM KF hermaphrodite
SRR29324679,SRX24841157,CrHAM KD_HG_5 DAG_4,RNA-Seq,cDNA,SRP512486,PRJNA1121398,1121398,SRS21552674,SAMN41749070,Ceratopteris CrHAM KD #37 5 DAG Hermaphrodites biological replicate 4,hermaphrodite,PURDUE UNIVERSITY,SRA1892180,gametophyte,5 DAG CrHAM KF hermaphrodite
SRR29324686,SRX24841158,WT_MG_5 DAG_1,RNA-Seq,cDNA,SRP512486,PRJNA1121398,1121398,SRS21552675,SAMN41749071,Ceratopteris WT 5 DAG Males biological replicate 1,male,PURDUE UNIVERSITY,SRA1892180,gametophyte,5 DAG WT male
SRR29324678,SRX24841159,WT_MG_5 DAG_2,RNA-Seq,cDNA,SRP512486,PRJNA1121398,1121398,SRS21552676,SAMN41749072,Ceratopteris WT 5 DAG Males biological replicate 2,male,PURDUE UNIVERSITY,SRA1892180,gametophyte,5 DAG WT male
SRR29324699,SRX24841138,WT_MG_5 DAG_3,RNA-Seq,cDNA,SRP512486,PRJNA1121398,1121398,SRS21552655,SAMN41749073,Ceratopteris WT 5 DAG Males biological replicate 3,male,PURDUE UNIVERSITY,SRA1892180,gametophyte,5 DAG WT male
SRR29324698,SRX24841139,WT_MG_5 DAG_4,RNA-Seq,cDNA,SRP512486,PRJNA1121398,1121398,SRS21552656,SAMN41749074,Ceratopteris WT 5 DAG Males biological replicate 4,male,PURDUE UNIVERSITY,SRA1892180,gametophyte,5 DAG WT male
SRR29324696,SRX24841140,CrHAM KD_MG_5 DAG_1,RNA-Seq,cDNA,SRP512486,PRJNA1121398,1121398,SRS21552657,SAMN41749075,Ceratopteris CrHAM KD #37 5 DAG Males biological replicate 1,male,PURDUE UNIVERSITY,SRA1892180,gametophyte,5 DAG CrHAM KF male
SRR29324695,SRX24841141,CrHAM KD_MG_5 DAG_2,RNA-Seq,cDNA,SRP512486,PRJNA1121398,1121398,SRS21552658,SAMN41749076,Ceratopteris CrHAM KD #37 5 DAG Males biological replicate 2,male,PURDUE UNIVERSITY,SRA1892180,gametophyte,5 DAG CrHAM KF male
SRR29324694,SRX24841142,CrHAM KD_MG_5 DAG_3,RNA-Seq,cDNA,SRP512486,PRJNA1121398,1121398,SRS21552659,SAMN41749077,Ceratopteris CrHAM KD #37 5 DAG Males biological replicate 3,male,PURDUE UNIVERSITY,SRA1892180,gametophyte,5 DAG CrHAM KF male
SRR29324697,SRX24841143,CrHAM KD_MG_5 DAG_4,RNA-Seq,cDNA,SRP512486,PRJNA1121398,1121398,SRS21552660,SAMN41749078,Ceratopteris CrHAM KD #37 5 DAG Males biological replicate 4,male,PURDUE UNIVERSITY,SRA1892180,gametophyte,5 DAG CrHAM KF male
SRR29324693,SRX24841144,WT_HG_8 DAG_1,RNA-Seq,cDNA,SRP512486,PRJNA1121398,1121398,SRS21552661,SAMN41749079,Ceratopteris WT 8 DAG Hermaphrodites biological replicate 1,hermaphrodite,PURDUE UNIVERSITY,SRA1892180,gametophyte,8 DAG WT hermaphrodite
SRR29324692,SRX24841145,WT_HG_8 DAG_2,RNA-Seq,cDNA,SRP512486,PRJNA1121398,1121398,SRS21552662,SAMN41749080,Ceratopteris WT 8 DAG Hermaphrodites biological replicate 2,hermaphrodite,PURDUE UNIVERSITY,SRA1892180,gametophyte,8 DAG WT hermaphrodite
SRR29324691,SRX24841146,WT_HG_8 DAG_3,RNA-Seq,cDNA,SRP512486,PRJNA1121398,1121398,SRS21552663,SAMN41749081,Ceratopteris WT 8 DAG Hermaphrodites biological replicate 3,hermaphrodite,PURDUE UNIVERSITY,SRA1892180,gametophyte,8 DAG WT hermaphrodite
SRR29324690,SRX24841147,WT_HG_8 DAG_4,RNA-Seq,cDNA,SRP512486,PRJNA1121398,1121398,SRS21552664,SAMN41749082,Ceratopteris WT 8 DAG Hermaphrodites biological replicate 4,hermaphrodite,PURDUE UNIVERSITY,SRA1892180,gametophyte,8 DAG WT hermaphrodite
SRR29324687,SRX24841149,CrHAM KD_HG_8 DAG_1,RNA-Seq,cDNA,SRP512486,PRJNA1121398,1121398,SRS21552666,SAMN41749083,Ceratopteris CrHAM KD #37 8 DAG Hermaphrodites biological replicate 1,hermaphrodite,PURDUE UNIVERSITY,SRA1892180,gametophyte,8 DAG CrHAM KF hermaphrodite
SRR29324685,SRX24841150,CrHAM KD_HG_8 DAG_2,RNA-Seq,cDNA,SRP512486,PRJNA1121398,1121398,SRS21552667,SAMN41749084,Ceratopteris CrHAM KD #37 8 DAG Hermaphrodites biological replicate 2,hermaphrodite,PURDUE UNIVERSITY,SRA1892180,gametophyte,8 DAG CrHAM KF hermaphrodite
SRR29324684,SRX24841151,CrHAM KD_HG_8 DAG_3,RNA-Seq,cDNA,SRP512486,PRJNA1121398,1121398,SRS21552668,SAMN41749085,Ceratopteris CrHAM KD #37 8 DAG Hermaphrodites biological replicate 3,hermaphrodite,PURDUE UNIVERSITY,SRA1892180,gametophyte,8 DAG CrHAM KF hermaphrodite
SRR29324683,SRX24841152,CrHAM KD_HG_8 DAG_4,RNA-Seq,cDNA,SRP512486,PRJNA1121398,1121398,SRS21552669,SAMN41749086,Ceratopteris CrHAM KD #37 8 DAG Hermaphrodites biological replicate 4,hermaphrodite,PURDUE UNIVERSITY,SRA1892180,gametophyte,8 DAG CrHAM KF hermaphrodite
SRR30294755,SRX25755277,GmMock10,RNA-Seq,PolyA,SRP527273,PRJNA1149654,1149654,SRS22394479,SAMN43253964,GmMock10,,WAGENINGEN UNIVERSITY & RESEARCH,SRA1950526,gametophyte,whole gametophyte DMSO
SRR30294754,SRX25755278,GmMock11,RNA-Seq,PolyA,SRP527273,PRJNA1149654,1149654,SRS22394480,SAMN43253965,GmMock11,,WAGENINGEN UNIVERSITY & RESEARCH,SRA1950526,gametophyte,whole gametophyte DMSO
SRR30294747,SRX25755285,GmMock12,RNA-Seq,PolyA,SRP527273,PRJNA1149654,1149654,SRS22394487,SAMN43253966,GmMock12,,WAGENINGEN UNIVERSITY & RESEARCH,SRA1950526,gametophyte,whole gametophyte DMSO
SRR30294746,SRX25755286,GmMock4,RNA-Seq,PolyA,SRP527273,PRJNA1149654,1149654,SRS22394488,SAMN43253967,GmMock4,,WAGENINGEN UNIVERSITY & RESEARCH,SRA1950526,gametophyte,whole gametophyte DMSO
SRR30294745,SRX25755287,GmIAA7,RNA-Seq,PolyA,SRP527273,PRJNA1149654,1149654,SRS22394489,SAMN43253968,GmIAA7,,WAGENINGEN UNIVERSITY & RESEARCH,SRA1950526,gametophyte,whole gametophyte IAA
SRR30294744,SRX25755288,GmIAA8,RNA-Seq,PolyA,SRP527273,PRJNA1149654,1149654,SRS22394490,SAMN43253969,GmIAA8,,WAGENINGEN UNIVERSITY & RESEARCH,SRA1950526,gametophyte,whole gametophyte IAA
SRR30294743,SRX25755289,GmIAA9,RNA-Seq,PolyA,SRP527273,PRJNA1149654,1149654,SRS22394491,SAMN43253970,GmIAA9,,WAGENINGEN UNIVERSITY & RESEARCH,SRA1950526,gametophyte,whole gametophyte IAA
SRR30294742,SRX25755290,GmIAA4,RNA-Seq,PolyA,SRP527273,PRJNA1149654,1149654,SRS22394492,SAMN43253971,GmIAA4,,WAGENINGEN UNIVERSITY & RESEARCH,SRA1950526,gametophyte,whole gametophyte IAA
SRR30294741,SRX25755291,SpMock4,RNA-Seq,PolyA,SRP527273,PRJNA1149654,1149654,SRS22394493,SAMN43253972,SpMock4,,WAGENINGEN UNIVERSITY & RESEARCH,SRA1950526,sporophyte,whole sporophyte DMSO
SRR30294740,SRX25755292,SpMock5,RNA-Seq,PolyA,SRP527273,PRJNA1149654,1149654,SRS22394494,SAMN43253973,SpMock5,,WAGENINGEN UNIVERSITY & RESEARCH,SRA1950526,sporophyte,whole sporophyte DMSO
SRR30294753,SRX25755279,SpMock6,RNA-Seq,PolyA,SRP527273,PRJNA1149654,1149654,SRS22394481,SAMN43253974,SpMock6,,WAGENINGEN UNIVERSITY & RESEARCH,SRA1950526,sporophyte,whole sporophyte DMSO
SRR30294752,SRX25755280,SpMock4_batch2,RNA-Seq,PolyA,SRP527273,PRJNA1149654,1149654,SRS22394482,SAMN43253975,SpMock4_batch2,,WAGENINGEN UNIVERSITY & RESEARCH,SRA1950526,sporophyte,whole sporophyte DMSO
SRR30294751,SRX25755281,SpIAA1,RNA-Seq,PolyA,SRP527273,PRJNA1149654,1149654,SRS22394483,SAMN43253976,SpIAA1,,WAGENINGEN UNIVERSITY & RESEARCH,SRA1950526,sporophyte,whole sporophyte IAA
SRR30294750,SRX25755282,SpIAA2,RNA-Seq,PolyA,SRP527273,PRJNA1149654,1149654,SRS22394484,SAMN43253977,SpIAA2,,WAGENINGEN UNIVERSITY & RESEARCH,SRA1950526,sporophyte,whole sporophyte IAA
SRR30294749,SRX25755283,SpIAA3,RNA-Seq,PolyA,SRP527273,PRJNA1149654,1149654,SRS22394485,SAMN43253978,SpIAA3,,WAGENINGEN UNIVERSITY & RESEARCH,SRA1950526,sporophyte,whole sporophyte IAA
SRR30294748,SRX25755284,SpIAA4,RNA-Seq,PolyA,SRP527273,PRJNA1149654,1149654,SRS22394486,SAMN43253979,SpIAA4,,WAGENINGEN UNIVERSITY & RESEARCH,SRA1950526,sporophyte,whole sporophyte IAA
SRR1313314,SRX559942,,RNA-Seq,PolyA,SRP042621,PRJNA248887,248887,SRS624443,SAMN02803864,4.5dai Hn-n,,PURDUE UNIVERSITY,SRA168407,gametophyte,4.5 DAG gametophyte
SRR1313341,SRX559945,FM3,RNA-Seq,PolyA,SRP042621,PRJNA248887,248887,SRS624443,SAMN02803864,4.5dai Hn-n,,PURDUE UNIVERSITY,SRA168407,gametophyte,4.5 DAG gametophyte
SRR1313276,SRX559899,FM1,RNA-Seq,PolyA,SRP042621,PRJNA248887,248887,SRS624443,SAMN02803864,4.5dai Hn-n,,PURDUE UNIVERSITY,SRA168407,gametophyte,4.5 DAG gametophyte
SRR1314211,SRX560678,,RNA-Seq,PolyA,SRP042621,PRJNA248887,248887,SRS624918,SAMN02821161,4.5dai Hn-n in CFM,,PURDUE UNIVERSITY,SRA168425,gametophyte,4.5 DAG gametophyte + antheridogen
SRR1314602,SRX560686,,RNA-Seq,PolyA,SRP042621,PRJNA248887,248887,SRS624918,SAMN02821161,4.5dai Hn-n in CFM,,PURDUE UNIVERSITY,SRA168425,gametophyte,4.5 DAG gametophyte + antheridogen
SRR1314706,SRX560691,,RNA-Seq,PolyA,SRP042621,PRJNA248887,248887,SRS624918,SAMN02821161,4.5dai Hn-n in CFM,,PURDUE UNIVERSITY,SRA168425,gametophyte,4.5 DAG gametophyte + antheridogen
SRR9723088,SRX6480637,,RNA-Seq,cDNA,SRP215848,PRJNA555841,555841,SRS5130656,SAMN12331560,GSM3958024,,GEO,SRA924281,sporophyte,30 Day whole sporophyte mock
SRR9723093,SRX6480642,,RNA-Seq,cDNA,SRP215848,PRJNA555841,555841,SRS5130661,SAMN12331581,GSM3958029,,GEO,SRA924281,sporophyte,30 day whole sporophyte 38h 2-4D
SRR9723092,SRX6480641,,RNA-Seq,cDNA,SRP215848,PRJNA555841,555841,SRS5130660,SAMN12331583,GSM3958028,,GEO,SRA924281,sporophyte,30 day whole sporophyte 38h 2-4D
SRR9723091,SRX6480640,,RNA-Seq,cDNA,SRP215848,PRJNA555841,555841,SRS5130659,SAMN12331585,GSM3958027,,GEO,SRA924281,sporophyte,30 day whole sporophyte 24h 2-4D
SRR9723090,SRX6480639,,RNA-Seq,cDNA,SRP215848,PRJNA555841,555841,SRS5130658,SAMN12331586,GSM3958026,,GEO,SRA924281,sporophyte,30 day whole sporophyte 24h 2-4D
SRR9723089,SRX6480638,,RNA-Seq,cDNA,SRP215848,PRJNA555841,555841,SRS5130657,SAMN12331587,GSM3958025,,GEO,SRA924281,sporophyte,30 Day whole sporophyte mock
SRR10317158,SRX7028089,,RNA-Seq,cDNA,SRP226446,PRJNA578676,578676,SRS5548453,SAMN13068256,GSM4132295,,GEO,SRA982636,sporophyte,root tip
SRR10317157,SRX7028088,,RNA-Seq,cDNA,SRP226446,PRJNA578676,578676,SRS5548452,SAMN13068257,GSM4132294,,GEO,SRA982636,sporophyte,root-no tip
SRR10317156,SRX7028087,,RNA-Seq,cDNA,SRP226446,PRJNA578676,578676,SRS5548451,SAMN13068258,GSM4132293,,GEO,SRA982636,sporophyte,root-no tip
SRR10317155,SRX7028086,,RNA-Seq,cDNA,SRP226446,PRJNA578676,578676,SRS5548450,SAMN13068259,GSM4132292,,GEO,SRA982636,sporophyte,root-no tip
SRR10317154,SRX7028085,,RNA-Seq,cDNA,SRP226446,PRJNA578676,578676,SRS5548449,SAMN13068260,GSM4132291,,GEO,SRA982636,sporophyte,leaf tip
SRR10317153,SRX7028084,,RNA-Seq,cDNA,SRP226446,PRJNA578676,578676,SRS5548448,SAMN13068261,GSM4132290,,GEO,SRA982636,sporophyte,leaf tip
SRR10317152,SRX7028083,,RNA-Seq,cDNA,SRP226446,PRJNA578676,578676,SRS5548447,SAMN13068262,GSM4132289,,GEO,SRA982636,sporophyte,leaf tip
SRR10317166,SRX7028097,,RNA-Seq,cDNA,SRP226446,PRJNA578676,578676,SRS5548461,SAMN13068283,GSM4132303,,GEO,SRA982636,sporophyte,leaf-no tip
SRR10317165,SRX7028096,,RNA-Seq,cDNA,SRP226446,PRJNA578676,578676,SRS5548460,SAMN13068284,GSM4132302,,GEO,SRA982636,sporophyte,leaf-no tip
SRR10317164,SRX7028095,,RNA-Seq,cDNA,SRP226446,PRJNA578676,578676,SRS5548459,SAMN13068285,GSM4132301,,GEO,SRA982636,sporophyte,leaf-no tip
SRR10317163,SRX7028094,,RNA-Seq,cDNA,SRP226446,PRJNA578676,578676,SRS5548458,SAMN13068286,GSM4132300,,GEO,SRA982636,sporophyte,shoot tip
SRR10317162,SRX7028093,,RNA-Seq,cDNA,SRP226446,PRJNA578676,578676,SRS5548457,SAMN13068287,GSM4132299,,GEO,SRA982636,sporophyte,shoot tip
SRR10317161,SRX7028092,,RNA-Seq,cDNA,SRP226446,PRJNA578676,578676,SRS5548456,SAMN13068288,GSM4132298,,GEO,SRA982636,sporophyte,shoot tip
SRR10317160,SRX7028091,,RNA-Seq,cDNA,SRP226446,PRJNA578676,578676,SRS5548455,SAMN13068289,GSM4132297,,GEO,SRA982636,sporophyte,root tip
SRR10317159,SRX7028090,,RNA-Seq,cDNA,SRP226446,PRJNA578676,578676,SRS5548454,SAMN13068290,GSM4132296,,GEO,SRA982636,sporophyte,root tip
SRR12605703,SRX9089367,GTTAZ,OTHER,RT-PCR,SRP280898,PRJNA651764,651764,SRS7335307,SAMN15721132,Gp0466668,,JGI,SRA1122246,sporophyte,developing leaf
SRR12605701,SRX9089369,GTTBA,OTHER,RT-PCR,SRP280899,PRJNA651765,651765,SRS7335308,SAMN15721992,Gp0466669,,JGI,SRA1122246,sporophyte,expanding leaf
SRR12605700,SRX9089370,GTTBB,OTHER,RT-PCR,SRP280900,PRJNA651766,651766,SRS7335309,SAMN15721131,Gp0466670,,JGI,SRA1122246,sporophyte,sterile leaf
SRR12605699,SRX9089371,GTTBC,OTHER,RT-PCR,SRP280901,PRJNA651767,651767,SRS7335310,SAMN15721258,Gp0466671,,JGI,SRA1122246,sporophyte,fertile leaf
SRR12605698,SRX9089372,GTTBG,OTHER,RT-PCR,SRP280902,PRJNA651768,651768,SRS7335311,SAMN15721690,Gp0466672,,JGI,SRA1122246,sporophyte,sori
SRR12605697,SRX9089373,GTTBH,OTHER,RT-PCR,SRP280903,PRJNA651769,651769,SRS7335312,SAMN15721886,Gp0466673,,JGI,SRA1122246,gametophyte,mature gametophyte
SRR12605696,SRX9089374,GTTBN,OTHER,RT-PCR,SRP280904,PRJNA651770,651770,SRS7335313,SAMN15721549,Gp0466674,,JGI,SRA1122246,gametophyte,immature gametophyte
SRR12605695,SRX9089375,GTTBO,OTHER,RT-PCR,SRP280905,PRJNA651771,651771,SRS7335314,SAMN15721443,Gp0466675,,JGI,SRA1122246,sporophyte,stem
SRR12605708,SRX9089362,GTTBP,OTHER,RT-PCR,SRP280894,PRJNA651772,651772,SRS7335303,SAMN15721689,Gp0466676,,JGI,SRA1122246,sporophyte,root
SRR12605707,SRX9089363,GTTBS,OTHER,RT-PCR,SRP280895,PRJNA651773,651773,SRS7335304,SAMN15721260,Gp0466677,,JGI,SRA1122246,sporophyte,young sporophyte
SRR12827994,SRX9295658,S3_60mins-dryaba-high-br1,RNA-Seq,cDNA,SRP287411,PRJNA666635,666635,SRS7520583,SAMN16306556,"Ceratopteris richardii frond, 3 lobes, 45 day-old shoot",,UNIVERSITY OF OXFORD,SRA1144195,sporophyte,60mins-dryaba-high-br
SRR12827995,SRX9295657,S2_0mins-wet-high-br3,RNA-Seq,cDNA,SRP287411,PRJNA666635,666635,SRS7520583,SAMN16306556,"Ceratopteris richardii frond, 3 lobes, 45 day-old shoot",,UNIVERSITY OF OXFORD,SRA1144195,sporophyte,0mins-wet-high-br
SRR12827996,SRX9295656,S2_0mins-wet-high-br2,RNA-Seq,cDNA,SRP287411,PRJNA666635,666635,SRS7520583,SAMN16306556,"Ceratopteris richardii frond, 3 lobes, 45 day-old shoot",,UNIVERSITY OF OXFORD,SRA1144195,sporophyte,0mins-wet-high-br
SRR12827997,SRX9295655,S2_0mins-wet-high-br1,RNA-Seq,cDNA,SRP287411,PRJNA666635,666635,SRS7520583,SAMN16306556,"Ceratopteris richardii frond, 3 lobes, 45 day-old shoot",,UNIVERSITY OF OXFORD,SRA1144195,sporophyte,0mins-wet-high-br
SRR12827998,SRX9295654,S1_0mins-dry-high-br3,RNA-Seq,cDNA,SRP287411,PRJNA666635,666635,SRS7520583,SAMN16306556,"Ceratopteris richardii frond, 3 lobes, 45 day-old shoot",,UNIVERSITY OF OXFORD,SRA1144195,sporophyte,0mins-dry-high-br
SRR12827999,SRX9295653,S1_0mins-dry-high-br2,RNA-Seq,cDNA,SRP287411,PRJNA666635,666635,SRS7520583,SAMN16306556,"Ceratopteris richardii frond, 3 lobes, 45 day-old shoot",,UNIVERSITY OF OXFORD,SRA1144195,sporophyte,0mins-dry-high-br
SRR12828000,SRX9295652,S1_0mins-dry-high-br1,RNA-Seq,cDNA,SRP287411,PRJNA666635,666635,SRS7520583,SAMN16306556,"Ceratopteris richardii frond, 3 lobes, 45 day-old shoot",,UNIVERSITY OF OXFORD,SRA1144195,sporophyte,0mins-dry-high-br
SRR12828001,SRX9295651,S8_60mins-abamock-low-br3,RNA-Seq,cDNA,SRP287411,PRJNA666635,666635,SRS7520583,SAMN16306556,"Ceratopteris richardii frond, 3 lobes, 45 day-old shoot",,UNIVERSITY OF OXFORD,SRA1144195,sporophyte,60mins-abamock-low-br
SRR12828002,SRX9295650,S8_60mins-abamock-low-br2,RNA-Seq,cDNA,SRP287411,PRJNA666635,666635,SRS7520583,SAMN16306556,"Ceratopteris richardii frond, 3 lobes, 45 day-old shoot",,UNIVERSITY OF OXFORD,SRA1144195,sporophyte,60mins-abamock-low-br
SRR12828003,SRX9295649,S8_60mins-abamock-low-br1,RNA-Seq,cDNA,SRP287411,PRJNA666635,666635,SRS7520583,SAMN16306556,"Ceratopteris richardii frond, 3 lobes, 45 day-old shoot",,UNIVERSITY OF OXFORD,SRA1144195,sporophyte,60mins-abamock-low-br
SRR12828004,SRX9295648,S7_60mins-wetmock-low-br3,RNA-Seq,cDNA,SRP287411,PRJNA666635,666635,SRS7520583,SAMN16306556,"Ceratopteris richardii frond, 3 lobes, 45 day-old shoot",,UNIVERSITY OF OXFORD,SRA1144195,sporophyte,60mins-wetmock-low-br
SRR12828005,SRX9295647,S7_60mins-wetmock-low-br2,RNA-Seq,cDNA,SRP287411,PRJNA666635,666635,SRS7520583,SAMN16306556,"Ceratopteris richardii frond, 3 lobes, 45 day-old shoot",,UNIVERSITY OF OXFORD,SRA1144195,sporophyte,60mins-wetmock-low-br
SRR12828006,SRX9295646,S7_60mins-wetmock-low-br1,RNA-Seq,cDNA,SRP287411,PRJNA666635,666635,SRS7520583,SAMN16306556,"Ceratopteris richardii frond, 3 lobes, 45 day-old shoot",,UNIVERSITY OF OXFORD,SRA1144195,sporophyte,60mins-wetmock-low-br
SRR12828007,SRX9295645,S6_60mins-drymock-low-br3,RNA-Seq,cDNA,SRP287411,PRJNA666635,666635,SRS7520583,SAMN16306556,"Ceratopteris richardii frond, 3 lobes, 45 day-old shoot",,UNIVERSITY OF OXFORD,SRA1144195,sporophyte,60mins-drymock-low-br
SRR12828008,SRX9295644,S0_0mins-aba-high-br3,RNA-Seq,cDNA,SRP287411,PRJNA666635,666635,SRS7520583,SAMN16306556,"Ceratopteris richardii frond, 3 lobes, 45 day-old shoot",,UNIVERSITY OF OXFORD,SRA1144195,sporophyte,0mins-aba-high-br
SRR12828009,SRX9295643,S6_60mins-drymock-low-br2,RNA-Seq,cDNA,SRP287411,PRJNA666635,666635,SRS7520583,SAMN16306556,"Ceratopteris richardii frond, 3 lobes, 45 day-old shoot",,UNIVERSITY OF OXFORD,SRA1144195,sporophyte,60mins-drymock-low-br
SRR12828010,SRX9295642,S6_60mins-drymock-low-br1,RNA-Seq,cDNA,SRP287411,PRJNA666635,666635,SRS7520583,SAMN16306556,"Ceratopteris richardii frond, 3 lobes, 45 day-old shoot",,UNIVERSITY OF OXFORD,SRA1144195,sporophyte,60mins-drymock-low-br
SRR12828011,SRX9295641,S5_60mins-drymock-high-br3,RNA-Seq,cDNA,SRP287411,PRJNA666635,666635,SRS7520583,SAMN16306556,"Ceratopteris richardii frond, 3 lobes, 45 day-old shoot",,UNIVERSITY OF OXFORD,SRA1144195,sporophyte,60mins-drymock-high-br
SRR12828012,SRX9295640,S5_60mins-drymock-high-br2,RNA-Seq,cDNA,SRP287411,PRJNA666635,666635,SRS7520583,SAMN16306556,"Ceratopteris richardii frond, 3 lobes, 45 day-old shoot",,UNIVERSITY OF OXFORD,SRA1144195,sporophyte,60mins-drymock-high-br
SRR12828013,SRX9295639,S5_60mins-drymock-high-br1,RNA-Seq,cDNA,SRP287411,PRJNA666635,666635,SRS7520583,SAMN16306556,"Ceratopteris richardii frond, 3 lobes, 45 day-old shoot",,UNIVERSITY OF OXFORD,SRA1144195,sporophyte,60mins-drymock-high-br
SRR12828014,SRX9295638,S4_60mins-dryaba-low-br3,RNA-Seq,cDNA,SRP287411,PRJNA666635,666635,SRS7520583,SAMN16306556,"Ceratopteris richardii frond, 3 lobes, 45 day-old shoot",,UNIVERSITY OF OXFORD,SRA1144195,sporophyte,60mins-dryaba-low-br
SRR12828015,SRX9295637,S4_60mins-dryaba-low-br2,RNA-Seq,cDNA,SRP287411,PRJNA666635,666635,SRS7520583,SAMN16306556,"Ceratopteris richardii frond, 3 lobes, 45 day-old shoot",,UNIVERSITY OF OXFORD,SRA1144195,sporophyte,60mins-dryaba-low-br
SRR12828016,SRX9295636,S4_60mins-dryaba-low-br1,RNA-Seq,cDNA,SRP287411,PRJNA666635,666635,SRS7520583,SAMN16306556,"Ceratopteris richardii frond, 3 lobes, 45 day-old shoot",,UNIVERSITY OF OXFORD,SRA1144195,sporophyte,60mins-dryaba-low-br
SRR12828017,SRX9295635,S3_60mins-dryaba-high-br3,RNA-Seq,cDNA,SRP287411,PRJNA666635,666635,SRS7520583,SAMN16306556,"Ceratopteris richardii frond, 3 lobes, 45 day-old shoot",,UNIVERSITY OF OXFORD,SRA1144195,sporophyte,60mins-dryaba-high-br
SRR12828018,SRX9295634,S3_60mins-dryaba-high-br2,RNA-Seq,cDNA,SRP287411,PRJNA666635,666635,SRS7520583,SAMN16306556,"Ceratopteris richardii frond, 3 lobes, 45 day-old shoot",,UNIVERSITY OF OXFORD,SRA1144195,sporophyte,60mins-dryaba-high-br
SRR12828019,SRX9295633,S0_0mins-aba-high-br2,RNA-Seq,cDNA,SRP287411,PRJNA666635,666635,SRS7520583,SAMN16306556,"Ceratopteris richardii frond, 3 lobes, 45 day-old shoot",,UNIVERSITY OF OXFORD,SRA1144195,sporophyte,0mins-aba-high-br
SRR12828020,SRX9295632,S0_0mins-aba-high-br1,RNA-Seq,cDNA,SRP287411,PRJNA666635,666635,SRS7520583,SAMN16306556,"Ceratopteris richardii frond, 3 lobes, 45 day-old shoot",,UNIVERSITY OF OXFORD,SRA1144195,sporophyte,0mins-aba-high-br
SRR13179629,SRX9617698,Cr_SAM,RNA-Seq,Oligo-dT,SRP295451,PRJNA681601,681601,SRS7819930,SAMN16960822,Cr_SAM,,PURDUE UNIVERSITY,SRA1166025,sporophyte,Cr_SAM
SRR13179620,SRX9617707,Cr_Root,RNA-Seq,Oligo-dT,SRP295451,PRJNA681601,681601,SRS7819933,SAMN16961597,Cr_Root,,PURDUE UNIVERSITY,SRA1166025,sporophyte,Cr_Root
SRR13179619,SRX9617708,Cr_Leaf,RNA-Seq,Oligo-dT,SRP295451,PRJNA681601,681601,SRS7819934,SAMN16961608,Cr_Leaf,,PURDUE UNIVERSITY,SRA1166025,sporophyte,Cr_Leaf
SRR13179618,SRX9617709,Cr_Callus,RNA-Seq,Oligo-dT,SRP295451,PRJNA681601,681601,SRS7819935,SAMN16961630,Cr_Callus,,PURDUE UNIVERSITY,SRA1166025,sporophyte,Cr_Callus
SRR13179628,SRX9617699,Cr_BAM,RNA-Seq,Oligo-dT,SRP295451,PRJNA681601,681601,SRS7819931,SAMN16961636,Cr_BAM,,PURDUE UNIVERSITY,SRA1166025,sporophyte,Cr_BAM
SRR13179615,SRX9617712,Cr_Hnn_03,RNA-Seq,Oligo-dT,SRP295451,PRJNA681601,681601,SRS7819936,SAMN16961638,Cr_Male,male,PURDUE UNIVERSITY,SRA1166025,gametophyte,Cr_Male
SRR13179616,SRX9617711,Cr_Hnn_02,RNA-Seq,Oligo-dT,SRP295451,PRJNA681601,681601,SRS7819936,SAMN16961638,Cr_Male,male,PURDUE UNIVERSITY,SRA1166025,gametophyte,Cr_Male
SRR13179617,SRX9617710,Cr_Hnn_01,RNA-Seq,Oligo-dT,SRP295451,PRJNA681601,681601,SRS7819936,SAMN16961638,Cr_Male,male,PURDUE UNIVERSITY,SRA1166025,gametophyte,Cr_Male
SRR13179613,SRX9617714,Cr_HER1_02,RNA-Seq,Oligo-dT,SRP295451,PRJNA681601,681601,SRS7819932,SAMN16961720,Cr_Herm,hermaphrodite,PURDUE UNIVERSITY,SRA1166025,gametophyte,Cr_Herm
SRR13179614,SRX9617713,Cr_HER1_01,RNA-Seq,Oligo-dT,SRP295451,PRJNA681601,681601,SRS7819932,SAMN16961720,Cr_Herm,hermaphrodite,PURDUE UNIVERSITY,SRA1166025,gametophyte,Cr_Herm
SRR13179621,SRX9617706,Cr_HER19_03,RNA-Seq,Oligo-dT,SRP295451,PRJNA681601,681601,SRS7819932,SAMN16961720,Cr_Herm,hermaphrodite,PURDUE UNIVERSITY,SRA1166025,gametophyte,Cr_Herm
SRR13179622,SRX9617705,Cr_HER19_02,RNA-Seq,Oligo-dT,SRP295451,PRJNA681601,681601,SRS7819932,SAMN16961720,Cr_Herm,hermaphrodite,PURDUE UNIVERSITY,SRA1166025,gametophyte,Cr_Herm
SRR13179623,SRX9617704,Cr_HER19_01,RNA-Seq,Oligo-dT,SRP295451,PRJNA681601,681601,SRS7819932,SAMN16961720,Cr_Herm,hermaphrodite,PURDUE UNIVERSITY,SRA1166025,gametophyte,Cr_Herm
SRR13179624,SRX9617703,Cr_HER3_03,RNA-Seq,Oligo-dT,SRP295451,PRJNA681601,681601,SRS7819932,SAMN16961720,Cr_Herm,hermaphrodite,PURDUE UNIVERSITY,SRA1166025,gametophyte,Cr_Herm
SRR13179625,SRX9617702,Cr_HER3_02,RNA-Seq,Oligo-dT,SRP295451,PRJNA681601,681601,SRS7819932,SAMN16961720,Cr_Herm,hermaphrodite,PURDUE UNIVERSITY,SRA1166025,gametophyte,Cr_Herm
SRR13179626,SRX9617701,Cr_HER3_01,RNA-Seq,Oligo-dT,SRP295451,PRJNA681601,681601,SRS7819932,SAMN16961720,Cr_Herm,hermaphrodite,PURDUE UNIVERSITY,SRA1166025,gametophyte,Cr_Herm
SRR13179627,SRX9617700,Cr_HER1_03,RNA-Seq,Oligo-dT,SRP295451,PRJNA681601,681601,SRS7819932,SAMN16961720,Cr_Herm,hermaphrodite,PURDUE UNIVERSITY,SRA1166025,gametophyte,Cr_Herm
SRR20074396,SRX16112377,GSM6321795,RNA-Seq,cDNA,SRP385794,PRJNA857489,857489,SRS13775070,SAMN29627661,GSM6321795,,"UGA/LANGEBIO, CINVESTAV UNIDAD IRAPUATO",SRA1452144,sporophyte,root tip
SRR20074397,SRX16112376,GSM6321794,RNA-Seq,cDNA,SRP385794,PRJNA857489,857489,SRS13775069,SAMN29627662,GSM6321794,,"UGA/LANGEBIO, CINVESTAV UNIDAD IRAPUATO",SRA1452144,sporophyte,root tip
SRR20074398,SRX16112375,GSM6321793,RNA-Seq,cDNA,SRP385794,PRJNA857489,857489,SRS13775068,SAMN29627663,GSM6321793,,"UGA/LANGEBIO, CINVESTAV UNIDAD IRAPUATO",SRA1452144,sporophyte,root tip
SRR20074399,SRX16112374,GSM6321792,RNA-Seq,cDNA,SRP385794,PRJNA857489,857489,SRS13775067,SAMN29627664,GSM6321792,,"UGA/LANGEBIO, CINVESTAV UNIDAD IRAPUATO",SRA1452144,sporophyte,differentiated root
SRR20074400,SRX16112373,GSM6321791,RNA-Seq,cDNA,SRP385794,PRJNA857489,857489,SRS13775066,SAMN29627665,GSM6321791,,"UGA/LANGEBIO, CINVESTAV UNIDAD IRAPUATO",SRA1452144,sporophyte,differentiated root
SRR20074401,SRX16112372,GSM6321790,RNA-Seq,cDNA,SRP385794,PRJNA857489,857489,SRS13775065,SAMN29627666,GSM6321790,,"UGA/LANGEBIO, CINVESTAV UNIDAD IRAPUATO",SRA1452144,sporophyte,differentiated root
SRR20074402,SRX16112371,GSM6321789,RNA-Seq,cDNA,SRP385794,PRJNA857489,857489,SRS13775064,SAMN29627667,GSM6321789,,"UGA/LANGEBIO, CINVESTAV UNIDAD IRAPUATO",SRA1452144,sporophyte,shoot
SRR20074403,SRX16112370,GSM6321788,RNA-Seq,cDNA,SRP385794,PRJNA857489,857489,SRS13775062,SAMN29627668,GSM6321788,,"UGA/LANGEBIO, CINVESTAV UNIDAD IRAPUATO",SRA1452144,sporophyte,shoot
SRR20074404,SRX16112369,GSM6321787,RNA-Seq,cDNA,SRP385794,PRJNA857489,857489,SRS13775063,SAMN29627669,GSM6321787,,"UGA/LANGEBIO, CINVESTAV UNIDAD IRAPUATO",SRA1452144,sporophyte,shoot
SRR21461825,SRX17465525,GSM6552970,RNA-Seq,cDNA,SRP396002,PRJNA877578,877578,SRS15018980,SAMN30711757,GSM6552970,,JISHOU UNIVERSITY,SRA1492125,sporophyte,differntiating callus
SRR21461826,SRX17465524,GSM6552969,RNA-Seq,cDNA,SRP396002,PRJNA877578,877578,SRS15018977,SAMN30711758,GSM6552969,,JISHOU UNIVERSITY,SRA1492125,sporophyte,differntiating callus
SRR21461827,SRX17465523,GSM6552968,RNA-Seq,cDNA,SRP396002,PRJNA877578,877578,SRS15018976,SAMN30711759,GSM6552968,,JISHOU UNIVERSITY,SRA1492125,sporophyte,differntiating callus
SRR21461828,SRX17465522,GSM6552967,RNA-Seq,cDNA,SRP396002,PRJNA877578,877578,SRS15018975,SAMN30711760,GSM6552967,,JISHOU UNIVERSITY,SRA1492125,sporophyte,proliferating callus
SRR21461829,SRX17465521,GSM6552966,RNA-Seq,cDNA,SRP396002,PRJNA877578,877578,SRS15018974,SAMN30711761,GSM6552966,,JISHOU UNIVERSITY,SRA1492125,sporophyte,proliferating callus
SRR21461830,SRX17465520,GSM6552965,RNA-Seq,cDNA,SRP396002,PRJNA877578,877578,SRS15018973,SAMN30711762,GSM6552965,,JISHOU UNIVERSITY,SRA1492125,sporophyte,proliferating callus