Run,ReleaseDate,LoadDate,spots,bases,spots_with_mates,avgLength,size_MB,AssemblyName,download_path,Experiment,LibraryName,LibraryStrategy,LibrarySelection,LibrarySource,LibraryLayout,InsertSize,InsertDev,Platform,Model,SRAStudy,BioProject,Study_Pubmed_id,ProjectID,Sample,BioSample,SampleType,TaxID,ScientificName,SampleName,g1k_pop_code,source,g1k_analysis_group,Subject_ID,Sex,Disease,Tumor,Affection_Status,Analyte_Type,Histological_Type,Body_Site,CenterName,Submission,dbgap_study_accession,Consent,RunHash,ReadHash
SRR21461829,2022-09-09 09:24:30,2022-09-09 09:02:12,42323758,6348563700,0,150,3672,,https://sra-downloadb.be-md.ncbi.nlm.nih.gov/sos4/sra-pub-zq-1/SRR021/21461/SRR21461829/SRR21461829.lite.1,SRX17465521,GSM6552966,RNA-Seq,cDNA,TRANSCRIPTOMIC,PAIRED,0,0,DNBSEQ,DNBSEQ-G400,SRP396002,PRJNA877578,,877578,SRS15018974,SAMN30711761,simple,49495,Ceratopteris richardii,GSM6552966,,,,,,,no,,,,,JISHOU UNIVERSITY,SRA1492125,,public,8D29B59B37F8059239984EE996171CE6,709E29B27344FA561FB94180B005A728
SRR21461828,2022-09-09 12:26:39,2022-09-09 11:54:34,42644878,6396731700,0,150,3679,,https://sra-downloadb.be-md.ncbi.nlm.nih.gov/sos4/sra-pub-zq-1/SRR021/21461/SRR21461828/SRR21461828.lite.1,SRX17465522,GSM6552967,RNA-Seq,cDNA,TRANSCRIPTOMIC,PAIRED,0,0,DNBSEQ,DNBSEQ-G400,SRP396002,PRJNA877578,,877578,SRS15018975,SAMN30711760,simple,49495,Ceratopteris richardii,GSM6552967,,,,,,,no,,,,,JISHOU UNIVERSITY,SRA1492125,,public,08781E33E0BFE7C0AB13D806DD2DB79E,832ACE2B90B8FFDF6CBF3208C1CBEFFC
SRR21461827,2022-09-09 15:10:54,2022-09-09 13:42:06,42469928,6370489200,0,150,3667,,https://sra-downloadb.be-md.ncbi.nlm.nih.gov/sos3/sra-pub-zq-22/SRR021/21461/SRR21461827/SRR21461827.lite.1,SRX17465523,GSM6552968,RNA-Seq,cDNA,TRANSCRIPTOMIC,PAIRED,0,0,DNBSEQ,DNBSEQ-G400,SRP396002,PRJNA877578,,877578,SRS15018976,SAMN30711759,simple,49495,Ceratopteris richardii,GSM6552968,,,,,,,no,,,,,JISHOU UNIVERSITY,SRA1492125,,public,BD8912788DD619E767CFF0BD426F99B0,BA672960152CF7C23511C559BF4FA327
SRR21461826,2022-09-09 19:52:13,2022-09-09 16:50:56,42618748,6392812200,0,150,3670,,https://sra-downloadb.be-md.ncbi.nlm.nih.gov/sos4/sra-pub-zq-1/SRR021/21461/SRR21461826/SRR21461826.lite.1,SRX17465524,GSM6552969,RNA-Seq,cDNA,TRANSCRIPTOMIC,PAIRED,0,0,DNBSEQ,DNBSEQ-G400,SRP396002,PRJNA877578,,877578,SRS15018977,SAMN30711758,simple,49495,Ceratopteris richardii,GSM6552969,,,,,,,no,,,,,JISHOU UNIVERSITY,SRA1492125,,public,00DC8ABF2B84E8F066245D9856C1FA29,F5782B9BF92AAF606E94C554F98757A3
SRR21461825,2022-09-09 17:12:49,2022-09-09 14:59:22,42415056,6362258400,0,150,3682,,https://sra-downloadb.be-md.ncbi.nlm.nih.gov/sos1/sra-pub-zq-38/SRR021/21461/SRR21461825/SRR21461825.lite.1,SRX17465525,GSM6552970,RNA-Seq,cDNA,TRANSCRIPTOMIC,PAIRED,0,0,DNBSEQ,DNBSEQ-G400,SRP396002,PRJNA877578,,877578,SRS15018980,SAMN30711757,simple,49495,Ceratopteris richardii,GSM6552970,,,,,,,no,,,,,JISHOU UNIVERSITY,SRA1492125,,public,AF1DBAD5CC97BB8E558F4FD7DBEA6A15,DFE5B65887C70C641377CD7C962B0EE7
SRR21461830,2022-09-09 10:15:38,2022-09-09 09:30:39,42662250,6399337500,0,150,3710,,https://sra-downloadb.be-md.ncbi.nlm.nih.gov/sos4/sra-pub-zq-1/SRR021/21461/SRR21461830/SRR21461830.lite.1,SRX17465520,GSM6552965,RNA-Seq,cDNA,TRANSCRIPTOMIC,PAIRED,0,0,DNBSEQ,DNBSEQ-G400,SRP396002,PRJNA877578,,877578,SRS15018973,SAMN30711762,simple,49495,Ceratopteris richardii,GSM6552965,,,,,,,no,,,,,JISHOU UNIVERSITY,SRA1492125,,public,3B9E29BE4573F0BD54D4B32E3F2033BA,B415444076E1DA4055BFEF3AB26E46F2
Run,ReleaseDate,LoadDate,spots,bases,spots_with_mates,avgLength,size_MB,AssemblyName,download_path,Experiment,LibraryName,LibraryStrategy,LibrarySelection,LibrarySource,LibraryLayout,InsertSize,InsertDev,Platform,Model,SRAStudy,BioProject,Study_Pubmed_id,ProjectID,Sample,BioSample,SampleType,TaxID,ScientificName,SampleName,g1k_pop_code,source,g1k_analysis_group,Subject_ID,Sex,Disease,Tumor,Affection_Status,Analyte_Type,Histological_Type,Body_Site,CenterName,Submission,dbgap_study_accession,Consent,RunHash,ReadHash
SRR20074400,2022-08-15 14:52:01,2022-07-11 01:29:54,31445530,9464438138,31445530,300,4304,,https://sra-downloadb.be-md.ncbi.nlm.nih.gov/sos1/sra-pub-zq-38/SRR020/20074/SRR20074400/SRR20074400.lite.1,SRX16112373,GSM6321791,RNA-Seq,cDNA,TRANSCRIPTOMIC,PAIRED,0,0,ILLUMINA,NextSeq 500,SRP385794,PRJNA857489,3,857489,SRS13775066,SAMN29627665,simple,49495,Ceratopteris richardii,GSM6321791,,,,,,,no,,,,,"UGA/LANGEBIO, CINVESTAV UNIDAD IRAPUATO",SRA1452144,,public,551BBAE477FD0C0A3504868BC40011D8,F0BB04A7B65ED9093D344CC672362DC0
SRR20074399,2022-08-15 14:52:01,2022-07-11 01:11:51,29438430,8861076166,29438430,301,4027,,https://sra-downloadb.be-md.ncbi.nlm.nih.gov/sos3/sra-pub-zq-24/SRR020/20074/SRR20074399/SRR20074399.lite.1,SRX16112374,GSM6321792,RNA-Seq,cDNA,TRANSCRIPTOMIC,PAIRED,0,0,ILLUMINA,NextSeq 500,SRP385794,PRJNA857489,3,857489,SRS13775067,SAMN29627664,simple,49495,Ceratopteris richardii,GSM6321792,,,,,,,no,,,,,"UGA/LANGEBIO, CINVESTAV UNIDAD IRAPUATO",SRA1452144,,public,F48BB3D4B776FE4DA680A8F9952B5196,BFBA2E9FE1C61FABF677D964AF593E17
SRR20074398,2022-08-15 14:52:01,2022-07-11 01:15:38,26272772,7908129598,26272772,301,3604,,https://sra-downloadb.be-md.ncbi.nlm.nih.gov/sos3/sra-pub-zq-22/SRR020/20074/SRR20074398/SRR20074398.lite.1,SRX16112375,GSM6321793,RNA-Seq,cDNA,TRANSCRIPTOMIC,PAIRED,0,0,ILLUMINA,NextSeq 500,SRP385794,PRJNA857489,3,857489,SRS13775068,SAMN29627663,simple,49495,Ceratopteris richardii,GSM6321793,,,,,,,no,,,,,"UGA/LANGEBIO, CINVESTAV UNIDAD IRAPUATO",SRA1452144,,public,4AF02139C1CA07854D191199115FEAE2,21FD2E988586044240EB2D486BF80823
SRR20074397,2022-08-15 14:52:01,2022-07-11 01:26:45,31022790,9338431330,31022790,301,4280,,https://sra-downloadb.be-md.ncbi.nlm.nih.gov/sos3/sra-pub-zq-24/SRR020/20074/SRR20074397/SRR20074397.lite.1,SRX16112376,GSM6321794,RNA-Seq,cDNA,TRANSCRIPTOMIC,PAIRED,0,0,ILLUMINA,NextSeq 500,SRP385794,PRJNA857489,3,857489,SRS13775069,SAMN29627662,simple,49495,Ceratopteris richardii,GSM6321794,,,,,,,no,,,,,"UGA/LANGEBIO, CINVESTAV UNIDAD IRAPUATO",SRA1452144,,public,BB8F8494D750732E289B2AD26A4B1CA2,477C6328F90FA732C6BFDBF8E4E69D7A
SRR20074396,2022-08-15 14:52:01,2022-07-11 01:40:29,35229893,10604360445,35229893,301,4766,,https://sra-downloadb.be-md.ncbi.nlm.nih.gov/sos1/sra-pub-zq-38/SRR020/20074/SRR20074396/SRR20074396.lite.1,SRX16112377,GSM6321795,RNA-Seq,cDNA,TRANSCRIPTOMIC,PAIRED,0,0,ILLUMINA,NextSeq 500,SRP385794,PRJNA857489,3,857489,SRS13775070,SAMN29627661,simple,49495,Ceratopteris richardii,GSM6321795,,,,,,,no,,,,,"UGA/LANGEBIO, CINVESTAV UNIDAD IRAPUATO",SRA1452144,,public,D31568E8C90BF58A2D0B8D2ED65ED053,54FBCA3E547F84A5173F5062B7C4D4B5
SRR20074404,2022-08-15 14:52:01,2022-07-11 10:53:34,32726034,9851254004,32726034,301,4487,,https://sra-downloadb.be-md.ncbi.nlm.nih.gov/sos1/sra-pub-zq-38/SRR020/20074/SRR20074404/SRR20074404.lite.1,SRX16112369,GSM6321787,RNA-Seq,cDNA,TRANSCRIPTOMIC,PAIRED,0,0,ILLUMINA,NextSeq 500,SRP385794,PRJNA857489,3,857489,SRS13775063,SAMN29627669,simple,49495,Ceratopteris richardii,GSM6321787,,,,,,,no,,,,,"UGA/LANGEBIO, CINVESTAV UNIDAD IRAPUATO",SRA1452144,,public,BDCE979F8492A412EBBA2E45F7EC9047,C7290D53C16C11943B8F7F7E503FEF1D
SRR20074403,2022-08-15 14:52:01,2022-07-11 01:24:18,35714456,10750915230,35714456,301,4907,,https://sra-downloadb.be-md.ncbi.nlm.nih.gov/sos3/sra-pub-zq-24/SRR020/20074/SRR20074403/SRR20074403.lite.1,SRX16112370,GSM6321788,RNA-Seq,cDNA,TRANSCRIPTOMIC,PAIRED,0,0,ILLUMINA,NextSeq 500,SRP385794,PRJNA857489,3,857489,SRS13775062,SAMN29627668,simple,49495,Ceratopteris richardii,GSM6321788,,,,,,,no,,,,,"UGA/LANGEBIO, CINVESTAV UNIDAD IRAPUATO",SRA1452144,,public,75AA02BA4A72A03895713FC73625107D,934202EB9E045AF8A259A357831A029A
SRR20074402,2022-08-15 14:52:01,2022-07-11 01:22:49,35429494,10664620892,35429494,301,4853,,https://sra-downloadb.be-md.ncbi.nlm.nih.gov/sos1/sra-pub-zq-38/SRR020/20074/SRR20074402/SRR20074402.lite.1,SRX16112371,GSM6321789,RNA-Seq,cDNA,TRANSCRIPTOMIC,PAIRED,0,0,ILLUMINA,NextSeq 500,SRP385794,PRJNA857489,3,857489,SRS13775064,SAMN29627667,simple,49495,Ceratopteris richardii,GSM6321789,,,,,,,no,,,,,"UGA/LANGEBIO, CINVESTAV UNIDAD IRAPUATO",SRA1452144,,public,DCB03B8B97978F1FE6BD5EDFB4F63161,D562793266908516248FB67E8FA2C462
SRR20074401,2022-08-15 14:52:01,2022-07-11 01:31:17,31764843,9561226976,31764843,301,4362,,https://sra-downloadb.be-md.ncbi.nlm.nih.gov/sos3/sra-pub-zq-24/SRR020/20074/SRR20074401/SRR20074401.lite.1,SRX16112372,GSM6321790,RNA-Seq,cDNA,TRANSCRIPTOMIC,PAIRED,0,0,ILLUMINA,NextSeq 500,SRP385794,PRJNA857489,3,857489,SRS13775065,SAMN29627666,simple,49495,Ceratopteris richardii,GSM6321790,,,,,,,no,,,,,"UGA/LANGEBIO, CINVESTAV UNIDAD IRAPUATO",SRA1452144,,public,962E1E0DB54965AD38FB07038E0BE896,F35C5EF6E29FEEBBCD6A1F0CF38576FF
Run,ReleaseDate,LoadDate,spots,bases,spots_with_mates,avgLength,size_MB,AssemblyName,download_path,Experiment,LibraryName,LibraryStrategy,LibrarySelection,LibrarySource,LibraryLayout,InsertSize,InsertDev,Platform,Model,SRAStudy,BioProject,Study_Pubmed_id,ProjectID,Sample,BioSample,SampleType,TaxID,ScientificName,SampleName,g1k_pop_code,source,g1k_analysis_group,Subject_ID,Sex,Disease,Tumor,Affection_Status,Analyte_Type,Histological_Type,Body_Site,CenterName,Submission,dbgap_study_accession,Consent,RunHash,ReadHash
SRR13179613,2021-04-06 13:35:29,2020-12-02 01:38:40,37834563,7531429327,37834563,199,4799,,https://sra-downloadb.be-md.ncbi.nlm.nih.gov/sos3/sra-pub-zq-24/SRR013/13179/SRR13179613/SRR13179613.lite.1,SRX9617714,Cr_HER1_02,RNA-Seq,Oligo-dT,TRANSCRIPTOMIC,PAIRED,0,0,ILLUMINA,Illumina HiSeq 2500,SRP295451,PRJNA681601,3,681601,SRS7819932,SAMN16961720,simple,49495,Ceratopteris richardii,Cr_Herm,,,,,hermaphrodite,,no,,,,,PURDUE UNIVERSITY,SRA1166025,,public,FD1B1A73DB4E37C5384ED369209FAD9F,7EF1497222BB537840B2DEE8D05BE9C1
SRR13179614,2021-04-06 13:35:29,2020-12-02 01:28:30,44006593,8749804574,44006593,198,5617,,https://sra-downloadb.be-md.ncbi.nlm.nih.gov/sos3/sra-pub-zq-24/SRR013/13179/SRR13179614/SRR13179614.lite.1,SRX9617713,Cr_HER1_01,RNA-Seq,Oligo-dT,TRANSCRIPTOMIC,PAIRED,0,0,ILLUMINA,Illumina HiSeq 2500,SRP295451,PRJNA681601,3,681601,SRS7819932,SAMN16961720,simple,49495,Ceratopteris richardii,Cr_Herm,,,,,hermaphrodite,,no,,,,,PURDUE UNIVERSITY,SRA1166025,,public,4716698DD50E6C056EF6E601156AF296,92D627845997AEAC2BFE92B5384FB2D9
SRR13179615,2021-04-06 13:35:29,2020-12-02 01:28:02,42978733,8575228391,42978733,199,5395,,https://sra-downloadb.be-md.ncbi.nlm.nih.gov/sos3/sra-pub-zq-24/SRR013/13179/SRR13179615/SRR13179615.lite.1,SRX9617712,Cr_Hnn_03,RNA-Seq,Oligo-dT,TRANSCRIPTOMIC,PAIRED,0,0,ILLUMINA,Illumina HiSeq 2500,SRP295451,PRJNA681601,3,681601,SRS7819936,SAMN16961638,simple,49495,Ceratopteris richardii,Cr_Male,,,,,male,,no,,,,,PURDUE UNIVERSITY,SRA1166025,,public,3DE2B0343E18C2B9626EDD10F011F1A5,318159F447330C08BBB492752C8824D1
SRR13179616,2021-04-06 13:35:29,2020-12-02 01:34:52,41591288,8265449902,41591288,198,5336,,https://sra-downloadb.be-md.ncbi.nlm.nih.gov/sos3/sra-pub-zq-24/SRR013/13179/SRR13179616/SRR13179616.lite.1,SRX9617711,Cr_Hnn_02,RNA-Seq,Oligo-dT,TRANSCRIPTOMIC,PAIRED,0,0,ILLUMINA,Illumina HiSeq 2500,SRP295451,PRJNA681601,3,681601,SRS7819936,SAMN16961638,simple,49495,Ceratopteris richardii,Cr_Male,,,,,male,,no,,,,,PURDUE UNIVERSITY,SRA1166025,,public,F6FD00E95B1885B4237C58B062BD1850,4CD0A361479D386035E90E670C62C256
SRR13179617,2021-04-06 13:35:29,2020-12-02 01:32:21,37514423,7466880878,37514423,199,4784,,https://sra-downloadb.be-md.ncbi.nlm.nih.gov/sos3/sra-pub-zq-24/SRR013/13179/SRR13179617/SRR13179617.lite.1,SRX9617710,Cr_Hnn_01,RNA-Seq,Oligo-dT,TRANSCRIPTOMIC,PAIRED,0,0,ILLUMINA,Illumina HiSeq 2500,SRP295451,PRJNA681601,3,681601,SRS7819936,SAMN16961638,simple,49495,Ceratopteris richardii,Cr_Male,,,,,male,,no,,,,,PURDUE UNIVERSITY,SRA1166025,,public,2679843C86AC70710F4D535B8A58E2DD,6C42EC4EFA411722D34156BF893051DC
SRR13179618,2021-04-06 13:35:29,2020-12-02 03:10:49,124485553,37450337976,124485553,300,11521,,https://sra-downloadb.be-md.ncbi.nlm.nih.gov/sos3/sra-pub-zq-24/SRR013/13179/SRR13179618/SRR13179618.lite.1,SRX9617709,Cr_Callus,RNA-Seq,Oligo-dT,TRANSCRIPTOMIC,PAIRED,0,0,ILLUMINA,Illumina HiSeq 2500,SRP295451,PRJNA681601,3,681601,SRS7819935,SAMN16961630,simple,49495,Ceratopteris richardii,Cr_Callus,,,,,,,no,,,,,PURDUE UNIVERSITY,SRA1166025,,public,9F48CCC0C5DFD9C64428B786C48F0529,78BFA3AB95BAC172293A9939F02F3C35
SRR13179619,2021-04-06 13:35:29,2020-12-03 04:34:54,146128463,43895360918,146128463,300,13224,,https://sra-downloadb.be-md.ncbi.nlm.nih.gov/sos3/sra-pub-zq-24/SRR013/13179/SRR13179619/SRR13179619.lite.1,SRX9617708,Cr_Leaf,RNA-Seq,Oligo-dT,TRANSCRIPTOMIC,PAIRED,0,0,ILLUMINA,Illumina HiSeq 2500,SRP295451,PRJNA681601,3,681601,SRS7819934,SAMN16961608,simple,49495,Ceratopteris richardii,Cr_Leaf,,,,,,,no,,,,,PURDUE UNIVERSITY,SRA1166025,,public,3AD8B8CBBCF9921547000DC152DCDB24,0CCAB5795B54256CFF2A28AD7A0617A6
SRR13179621,2021-04-06 13:35:29,2020-12-02 01:42:01,45938937,9140529052,45938937,198,5834,,https://sra-downloadb.be-md.ncbi.nlm.nih.gov/sos3/sra-pub-zq-22/SRR013/13179/SRR13179621/SRR13179621.lite.1,SRX9617706,Cr_HER19_03,RNA-Seq,Oligo-dT,TRANSCRIPTOMIC,PAIRED,0,0,ILLUMINA,Illumina HiSeq 2500,SRP295451,PRJNA681601,3,681601,SRS7819932,SAMN16961720,simple,49495,Ceratopteris richardii,Cr_Herm,,,,,hermaphrodite,,no,,,,,PURDUE UNIVERSITY,SRA1166025,,public,31BBF04390D91590437C05E3D83AA2BC,074A3DE5325BD52F8F2F78AD9E560F65
SRR13179622,2021-04-06 13:35:29,2020-12-02 01:42:47,46661137,9295204282,46661137,199,5878,,https://sra-downloadb.be-md.ncbi.nlm.nih.gov/sos3/sra-pub-zq-22/SRR013/13179/SRR13179622/SRR13179622.lite.1,SRX9617705,Cr_HER19_02,RNA-Seq,Oligo-dT,TRANSCRIPTOMIC,PAIRED,0,0,ILLUMINA,Illumina HiSeq 2500,SRP295451,PRJNA681601,3,681601,SRS7819932,SAMN16961720,simple,49495,Ceratopteris richardii,Cr_Herm,,,,,hermaphrodite,,no,,,,,PURDUE UNIVERSITY,SRA1166025,,public,E1C026D40C56DFEBF504BA71A97B4357,59D19A5D9FBDB0A4402018B79D67741D
SRR13179620,2021-04-06 13:35:29,2020-12-18 06:01:34,268376390,79349158953,268376390,295,23834,,https://sra-downloadb.be-md.ncbi.nlm.nih.gov/sos3/sra-pub-zq-24/SRR013/13179/SRR13179620/SRR13179620.lite.1,SRX9617707,Cr_Root,RNA-Seq,Oligo-dT,TRANSCRIPTOMIC,PAIRED,0,0,ILLUMINA,Illumina HiSeq 2500,SRP295451,PRJNA681601,3,681601,SRS7819933,SAMN16961597,simple,49495,Ceratopteris richardii,Cr_Root,,,,,,,no,,,,,PURDUE UNIVERSITY,SRA1166025,,public,7E059CEFEF0DB70CC00443168712651F,0278D52AD11357576670DEC090BC0F3C
SRR13179623,2021-04-06 13:35:29,2020-12-02 01:35:42,41716973,8311376287,41716973,199,5271,,https://sra-downloadb.be-md.ncbi.nlm.nih.gov/sos3/sra-pub-zq-24/SRR013/13179/SRR13179623/SRR13179623.lite.1,SRX9617704,Cr_HER19_01,RNA-Seq,Oligo-dT,TRANSCRIPTOMIC,PAIRED,0,0,ILLUMINA,Illumina HiSeq 2500,SRP295451,PRJNA681601,3,681601,SRS7819932,SAMN16961720,simple,49495,Ceratopteris richardii,Cr_Herm,,,,,hermaphrodite,,no,,,,,PURDUE UNIVERSITY,SRA1166025,,public,0C6E9D02C0518D4F4E26C1F3337161B0,5C48FF90538CA4898A596A33C5CE8FF4
SRR13179624,2021-04-06 13:35:29,2020-12-02 01:35:27,42008736,8354580956,42008736,198,5322,,https://sra-downloadb.be-md.ncbi.nlm.nih.gov/sos3/sra-pub-zq-24/SRR013/13179/SRR13179624/SRR13179624.lite.1,SRX9617703,Cr_HER3_03,RNA-Seq,Oligo-dT,TRANSCRIPTOMIC,PAIRED,0,0,ILLUMINA,Illumina HiSeq 2500,SRP295451,PRJNA681601,3,681601,SRS7819932,SAMN16961720,simple,49495,Ceratopteris richardii,Cr_Herm,,,,,hermaphrodite,,no,,,,,PURDUE UNIVERSITY,SRA1166025,,public,34A063457C030D1756B25D29F203B4EE,E3EA88D90A6F9E87F4DF0AD27AC5485F
SRR13179625,2021-04-06 13:35:29,2020-12-02 01:32:31,46086825,9161245020,46086825,198,5853,,https://sra-downloadb.be-md.ncbi.nlm.nih.gov/sos3/sra-pub-zq-24/SRR013/13179/SRR13179625/SRR13179625.lite.1,SRX9617702,Cr_HER3_02,RNA-Seq,Oligo-dT,TRANSCRIPTOMIC,PAIRED,0,0,ILLUMINA,Illumina HiSeq 2500,SRP295451,PRJNA681601,3,681601,SRS7819932,SAMN16961720,simple,49495,Ceratopteris richardii,Cr_Herm,,,,,hermaphrodite,,no,,,,,PURDUE UNIVERSITY,SRA1166025,,public,192409F69E55625A02C671DFB24E0550,7779FEB096B66A75E9D5765546A38D56
SRR13179626,2021-04-06 13:35:28,2020-12-02 01:32:52,37717961,7509845773,37717961,199,4773,,https://sra-downloadb.be-md.ncbi.nlm.nih.gov/sos3/sra-pub-zq-24/SRR013/13179/SRR13179626/SRR13179626.lite.1,SRX9617701,Cr_HER3_01,RNA-Seq,Oligo-dT,TRANSCRIPTOMIC,PAIRED,0,0,ILLUMINA,Illumina HiSeq 2500,SRP295451,PRJNA681601,3,681601,SRS7819932,SAMN16961720,simple,49495,Ceratopteris richardii,Cr_Herm,,,,,hermaphrodite,,no,,,,,PURDUE UNIVERSITY,SRA1166025,,public,00BC09D19886DDC49A7A06BD47ED559C,B0F70E1308B5C0C6B0C9EE4D11F6D4A7
SRR13179627,2021-04-06 13:35:28,2020-12-02 01:28:46,44053053,8781830366,44053053,199,5525,,https://sra-downloadb.be-md.ncbi.nlm.nih.gov/sos3/sra-pub-zq-24/SRR013/13179/SRR13179627/SRR13179627.lite.1,SRX9617700,Cr_HER1_03,RNA-Seq,Oligo-dT,TRANSCRIPTOMIC,PAIRED,0,0,ILLUMINA,Illumina HiSeq 2500,SRP295451,PRJNA681601,3,681601,SRS7819932,SAMN16961720,simple,49495,Ceratopteris richardii,Cr_Herm,,,,,hermaphrodite,,no,,,,,PURDUE UNIVERSITY,SRA1166025,,public,13DA7D4E16BA11E6AA932D04F448A34C,BE0AC09E149AD6D0B5DB75B1B1D3A888
SRR13179628,2021-04-06 13:35:28,2020-12-18 06:34:40,319271953,93075004042,319271953,291,28014,,https://sra-downloadb.be-md.ncbi.nlm.nih.gov/sos3/sra-pub-zq-24/SRR013/13179/SRR13179628/SRR13179628.lite.1,SRX9617699,Cr_BAM,RNA-Seq,Oligo-dT,TRANSCRIPTOMIC,PAIRED,0,0,ILLUMINA,Illumina HiSeq 2500,SRP295451,PRJNA681601,3,681601,SRS7819931,SAMN16961636,simple,49495,Ceratopteris richardii,Cr_BAM,,,,,,,no,,,,,PURDUE UNIVERSITY,SRA1166025,,public,43B1B039A599685147D21A991F53E559,C8F98DACE2D69C13ACA17CA3057395B4
SRR13179629,2021-04-06 13:35:28,2020-12-04 06:14:11,173371155,52199373693,173371155,301,15888,,https://sra-downloadb.be-md.ncbi.nlm.nih.gov/sos3/sra-pub-zq-24/SRR013/13179/SRR13179629/SRR13179629.lite.1,SRX9617698,Cr_SAM,RNA-Seq,Oligo-dT,TRANSCRIPTOMIC,PAIRED,0,0,ILLUMINA,Illumina HiSeq 2500,SRP295451,PRJNA681601,3,681601,SRS7819930,SAMN16960822,simple,49495,Ceratopteris richardii,Cr_SAM,,,,,,,no,,,,,PURDUE UNIVERSITY,SRA1166025,,public,ED7997BCD272EAFF91CF0C7263212C53,43FC36BD7CD526B86B88A6CAA074C713
Run,ReleaseDate,LoadDate,spots,bases,spots_with_mates,avgLength,size_MB,AssemblyName,download_path,Experiment,LibraryName,LibraryStrategy,LibrarySelection,LibrarySource,LibraryLayout,InsertSize,InsertDev,Platform,Model,SRAStudy,BioProject,Study_Pubmed_id,ProjectID,Sample,BioSample,SampleType,TaxID,ScientificName,SampleName,g1k_pop_code,source,g1k_analysis_group,Subject_ID,Sex,Disease,Tumor,Affection_Status,Analyte_Type,Histological_Type,Body_Site,CenterName,Submission,dbgap_study_accession,Consent,RunHash,ReadHash
SRR12827994,2021-08-19 05:33:54,2020-10-18 13:04:19,42190646,6371392552,42190646,151,2414,,https://sra-downloadb.be-md.ncbi.nlm.nih.gov/sos2/sra-pub-zq-18/SRR012/12827/SRR12827994/SRR12827994.lite.1,SRX9295658,S3_60mins-dryaba-high-br1,RNA-Seq,cDNA,TRANSCRIPTOMIC,PAIRED,0,0,ILLUMINA,Illumina HiSeq 2000,SRP287411,PRJNA666635,3,666635,SRS7520583,SAMN16306556,simple,49495,Ceratopteris richardii,"Ceratopteris richardii frond, 3 lobes, 45 day-old shoot",,,,,,,no,,,,,UNIVERSITY OF OXFORD,SRA1144195,,public,BB99D1434DAA995ECAF24EE766A486ED,BA84C279CF2A8E0C09B661E1FC53CA0D
SRR12827995,2021-08-19 05:33:54,2020-10-18 13:21:54,81071032,12242496145,81071032,151,5477,,https://sra-downloadb.be-md.ncbi.nlm.nih.gov/sos2/sra-pub-zq-18/SRR012/12827/SRR12827995/SRR12827995.lite.1,SRX9295657,S2_0mins-wet-high-br3,RNA-Seq,cDNA,TRANSCRIPTOMIC,PAIRED,0,0,ILLUMINA,Illumina HiSeq 2000,SRP287411,PRJNA666635,3,666635,SRS7520583,SAMN16306556,simple,49495,Ceratopteris richardii,"Ceratopteris richardii frond, 3 lobes, 45 day-old shoot",,,,,,,no,,,,,UNIVERSITY OF OXFORD,SRA1144195,,public,0D4517C15E2525CA52B11F48967FC8F2,36BD5F8221CBB36AE70E84D8AB7E4F33
SRR12827996,2021-08-19 05:33:54,2020-10-18 13:09:37,52323243,7900637610,52323243,150,3190,,https://sra-downloadb.be-md.ncbi.nlm.nih.gov/sos2/sra-pub-zq-18/SRR012/12827/SRR12827996/SRR12827996.lite.1,SRX9295656,S2_0mins-wet-high-br2,RNA-Seq,cDNA,TRANSCRIPTOMIC,PAIRED,0,0,ILLUMINA,Illumina HiSeq 2000,SRP287411,PRJNA666635,3,666635,SRS7520583,SAMN16306556,simple,49495,Ceratopteris richardii,"Ceratopteris richardii frond, 3 lobes, 45 day-old shoot",,,,,,,no,,,,,UNIVERSITY OF OXFORD,SRA1144195,,public,8699D913E33950E304F2AC17311445F7,8E49BCA26FC807AA6E0C1F33E88D8FAB
SRR12827997,2021-08-19 05:33:54,2020-10-18 13:01:32,46893863,7081704725,46893863,151,2670,,https://sra-downloadb.be-md.ncbi.nlm.nih.gov/sos2/sra-pub-zq-18/SRR012/12827/SRR12827997/SRR12827997.lite.1,SRX9295655,S2_0mins-wet-high-br1,RNA-Seq,cDNA,TRANSCRIPTOMIC,PAIRED,0,0,ILLUMINA,Illumina HiSeq 2000,SRP287411,PRJNA666635,3,666635,SRS7520583,SAMN16306556,simple,49495,Ceratopteris richardii,"Ceratopteris richardii frond, 3 lobes, 45 day-old shoot",,,,,,,no,,,,,UNIVERSITY OF OXFORD,SRA1144195,,public,89ABC2ABB5B63BDAAE241E51238DBECD,8DEB63C0748CAD6634E812092EA9A285
SRR12827998,2021-08-19 05:33:53,2020-10-18 13:31:31,110870772,16743067162,110870772,151,7491,,https://sra-downloadb.be-md.ncbi.nlm.nih.gov/sos2/sra-pub-zq-18/SRR012/12827/SRR12827998/SRR12827998.lite.1,SRX9295654,S1_0mins-dry-high-br3,RNA-Seq,cDNA,TRANSCRIPTOMIC,PAIRED,0,0,ILLUMINA,Illumina HiSeq 2000,SRP287411,PRJNA666635,3,666635,SRS7520583,SAMN16306556,simple,49495,Ceratopteris richardii,"Ceratopteris richardii frond, 3 lobes, 45 day-old shoot",,,,,,,no,,,,,UNIVERSITY OF OXFORD,SRA1144195,,public,02CC2D165AB92B7D7B174202DA3EBAC1,B2D69D66C265183B56499C46D5FFDC57
SRR12827999,2021-08-19 05:33:53,2020-10-18 13:05:31,44976552,6791078746,44976552,150,2753,,https://sra-downloadb.be-md.ncbi.nlm.nih.gov/sos2/sra-pub-zq-18/SRR012/12827/SRR12827999/SRR12827999.lite.1,SRX9295653,S1_0mins-dry-high-br2,RNA-Seq,cDNA,TRANSCRIPTOMIC,PAIRED,0,0,ILLUMINA,Illumina HiSeq 2000,SRP287411,PRJNA666635,3,666635,SRS7520583,SAMN16306556,simple,49495,Ceratopteris richardii,"Ceratopteris richardii frond, 3 lobes, 45 day-old shoot",,,,,,,no,,,,,UNIVERSITY OF OXFORD,SRA1144195,,public,E64BBC61318E8BE3D861548412E270AE,70F19DDA3E1CDC8315E43C7A4E1E4EAE
SRR12828000,2021-08-19 05:33:53,2020-10-18 13:06:48,54665006,8255145142,54665006,151,3105,,https://sra-downloadb.be-md.ncbi.nlm.nih.gov/sos2/sra-pub-zq-18/SRR012/12828/SRR12828000/SRR12828000.lite.1,SRX9295652,S1_0mins-dry-high-br1,RNA-Seq,cDNA,TRANSCRIPTOMIC,PAIRED,0,0,ILLUMINA,Illumina HiSeq 2000,SRP287411,PRJNA666635,3,666635,SRS7520583,SAMN16306556,simple,49495,Ceratopteris richardii,"Ceratopteris richardii frond, 3 lobes, 45 day-old shoot",,,,,,,no,,,,,UNIVERSITY OF OXFORD,SRA1144195,,public,BAB5E0F4691974EACF80B2342AA25C22,D95B5EC57734FA281C6E78AC0CCFF36A
SRR12828001,2021-08-19 05:33:53,2020-10-18 13:15:51,66809728,10090059785,66809728,151,4519,,https://sra-downloadb.be-md.ncbi.nlm.nih.gov/sos2/sra-pub-zq-18/SRR012/12828/SRR12828001/SRR12828001.lite.1,SRX9295651,S8_60mins-abamock-low-br3,RNA-Seq,cDNA,TRANSCRIPTOMIC,PAIRED,0,0,ILLUMINA,Illumina HiSeq 2000,SRP287411,PRJNA666635,3,666635,SRS7520583,SAMN16306556,simple,49495,Ceratopteris richardii,"Ceratopteris richardii frond, 3 lobes, 45 day-old shoot",,,,,,,no,,,,,UNIVERSITY OF OXFORD,SRA1144195,,public,F5FD7D086AF5C37BE9C8D6EDD223E25B,7073FB17D2C08AB1B601D42F03B1EDE5
SRR12828002,2021-08-19 05:33:53,2020-10-18 13:04:53,38889347,5872674741,38889347,151,2376,,https://sra-downloadb.be-md.ncbi.nlm.nih.gov/sos2/sra-pub-zq-18/SRR012/12828/SRR12828002/SRR12828002.lite.1,SRX9295650,S8_60mins-abamock-low-br2,RNA-Seq,cDNA,TRANSCRIPTOMIC,PAIRED,0,0,ILLUMINA,Illumina HiSeq 2000,SRP287411,PRJNA666635,3,666635,SRS7520583,SAMN16306556,simple,49495,Ceratopteris richardii,"Ceratopteris richardii frond, 3 lobes, 45 day-old shoot",,,,,,,no,,,,,UNIVERSITY OF OXFORD,SRA1144195,,public,1F2C874E77D4E7247A2BFE629A744FCF,87AE64D48DB062DC0685BF8400364100
SRR12828003,2021-08-19 05:33:53,2020-10-18 12:59:29,30995682,4681146814,30995682,151,1766,,https://sra-downloadb.be-md.ncbi.nlm.nih.gov/sos2/sra-pub-zq-18/SRR012/12828/SRR12828003/SRR12828003.lite.1,SRX9295649,S8_60mins-abamock-low-br1,RNA-Seq,cDNA,TRANSCRIPTOMIC,PAIRED,0,0,ILLUMINA,Illumina HiSeq 2000,SRP287411,PRJNA666635,3,666635,SRS7520583,SAMN16306556,simple,49495,Ceratopteris richardii,"Ceratopteris richardii frond, 3 lobes, 45 day-old shoot",,,,,,,no,,,,,UNIVERSITY OF OXFORD,SRA1144195,,public,85AF33C4FF803110DD1AF4B593B5B10B,4A4F8775DB5F0CE03F3BA3A75A494D0F
SRR12828004,2021-08-19 05:33:53,2020-10-18 13:03:42,51074310,7712716704,51074310,151,3443,,https://sra-downloadb.be-md.ncbi.nlm.nih.gov/sos2/sra-pub-zq-18/SRR012/12828/SRR12828004/SRR12828004.lite.1,SRX9295648,S7_60mins-wetmock-low-br3,RNA-Seq,cDNA,TRANSCRIPTOMIC,PAIRED,0,0,ILLUMINA,Illumina HiSeq 2000,SRP287411,PRJNA666635,3,666635,SRS7520583,SAMN16306556,simple,49495,Ceratopteris richardii,"Ceratopteris richardii frond, 3 lobes, 45 day-old shoot",,,,,,,no,,,,,UNIVERSITY OF OXFORD,SRA1144195,,public,B97A38DAB39EE3114564801EC5B874B0,86DD680EC3B063DBB6447EF4F127E1A7
SRR12828005,2021-08-19 05:33:53,2020-10-18 13:03:28,37469393,5657682521,37469393,150,2278,,https://sra-downloadb.be-md.ncbi.nlm.nih.gov/sos2/sra-pub-zq-18/SRR012/12828/SRR12828005/SRR12828005.lite.1,SRX9295647,S7_60mins-wetmock-low-br2,RNA-Seq,cDNA,TRANSCRIPTOMIC,PAIRED,0,0,ILLUMINA,Illumina HiSeq 2000,SRP287411,PRJNA666635,3,666635,SRS7520583,SAMN16306556,simple,49495,Ceratopteris richardii,"Ceratopteris richardii frond, 3 lobes, 45 day-old shoot",,,,,,,no,,,,,UNIVERSITY OF OXFORD,SRA1144195,,public,570648D40A3FF5D2C6D38137C06922F6,23F52DEC176DB858F4A476AB8D7389DA
SRR12828006,2021-08-19 05:33:53,2020-10-18 13:03:45,38221248,5771726841,38221248,151,2168,,https://sra-downloadb.be-md.ncbi.nlm.nih.gov/sos2/sra-pub-zq-18/SRR012/12828/SRR12828006/SRR12828006.lite.1,SRX9295646,S7_60mins-wetmock-low-br1,RNA-Seq,cDNA,TRANSCRIPTOMIC,PAIRED,0,0,ILLUMINA,Illumina HiSeq 2000,SRP287411,PRJNA666635,3,666635,SRS7520583,SAMN16306556,simple,49495,Ceratopteris richardii,"Ceratopteris richardii frond, 3 lobes, 45 day-old shoot",,,,,,,no,,,,,UNIVERSITY OF OXFORD,SRA1144195,,public,75780348ED11A284B862DA2CD97EFCCE,D3FE7E3ADE51F46DAFF29CDFB8D07827
SRR12828007,2021-08-19 05:33:53,2020-10-18 13:05:02,56286155,8500219401,56286155,151,3818,,https://sra-downloadb.be-md.ncbi.nlm.nih.gov/sos2/sra-pub-zq-18/SRR012/12828/SRR12828007/SRR12828007.lite.1,SRX9295645,S6_60mins-drymock-low-br3,RNA-Seq,cDNA,TRANSCRIPTOMIC,PAIRED,0,0,ILLUMINA,Illumina HiSeq 2000,SRP287411,PRJNA666635,3,666635,SRS7520583,SAMN16306556,simple,49495,Ceratopteris richardii,"Ceratopteris richardii frond, 3 lobes, 45 day-old shoot",,,,,,,no,,,,,UNIVERSITY OF OXFORD,SRA1144195,,public,CBC49ABA700A0A6F52B173396959C3DB,D0607FB395F63695935D9013C64AE302
SRR12828008,2021-08-19 05:33:53,2020-10-18 13:14:44,76123453,11496864485,76123453,151,5137,,https://sra-downloadb.be-md.ncbi.nlm.nih.gov/sos2/sra-pub-zq-18/SRR012/12828/SRR12828008/SRR12828008.lite.1,SRX9295644,S0_0mins-aba-high-br3,RNA-Seq,cDNA,TRANSCRIPTOMIC,PAIRED,0,0,ILLUMINA,Illumina HiSeq 2000,SRP287411,PRJNA666635,3,666635,SRS7520583,SAMN16306556,simple,49495,Ceratopteris richardii,"Ceratopteris richardii frond, 3 lobes, 45 day-old shoot",,,,,,,no,,,,,UNIVERSITY OF OXFORD,SRA1144195,,public,2793254DB6D3612EC45EBE964F208555,C0CAEA3F662DD7FA26430FF9DE6125CF
SRR12828009,2021-08-19 05:33:53,2020-10-18 13:03:55,38405570,5799260397,38405570,151,2350,,https://sra-downloadb.be-md.ncbi.nlm.nih.gov/sos2/sra-pub-zq-18/SRR012/12828/SRR12828009/SRR12828009.lite.1,SRX9295643,S6_60mins-drymock-low-br2,RNA-Seq,cDNA,TRANSCRIPTOMIC,PAIRED,0,0,ILLUMINA,Illumina HiSeq 2000,SRP287411,PRJNA666635,3,666635,SRS7520583,SAMN16306556,simple,49495,Ceratopteris richardii,"Ceratopteris richardii frond, 3 lobes, 45 day-old shoot",,,,,,,no,,,,,UNIVERSITY OF OXFORD,SRA1144195,,public,4225946A4E007B4DB15A3AD96A72E26E,8B9E3C73ACEF198034C393663E828FBF
SRR12828010,2021-08-19 05:33:53,2020-10-18 13:02:13,47560895,7181085293,47560895,150,2716,,https://sra-downloadb.be-md.ncbi.nlm.nih.gov/sos2/sra-pub-zq-18/SRR012/12828/SRR12828010/SRR12828010.lite.1,SRX9295642,S6_60mins-drymock-low-br1,RNA-Seq,cDNA,TRANSCRIPTOMIC,PAIRED,0,0,ILLUMINA,Illumina HiSeq 2000,SRP287411,PRJNA666635,3,666635,SRS7520583,SAMN16306556,simple,49495,Ceratopteris richardii,"Ceratopteris richardii frond, 3 lobes, 45 day-old shoot",,,,,,,no,,,,,UNIVERSITY OF OXFORD,SRA1144195,,public,D3F07B072F727BA70A996627A962098B,3940B0B543ABAEA65251ABBC1BB5DF6E
SRR12828011,2021-08-19 05:33:53,2020-10-18 13:01:40,46697201,7051955158,46697201,151,3152,,https://sra-downloadb.be-md.ncbi.nlm.nih.gov/sos2/sra-pub-zq-18/SRR012/12828/SRR12828011/SRR12828011.lite.1,SRX9295641,S5_60mins-drymock-high-br3,RNA-Seq,cDNA,TRANSCRIPTOMIC,PAIRED,0,0,ILLUMINA,Illumina HiSeq 2000,SRP287411,PRJNA666635,3,666635,SRS7520583,SAMN16306556,simple,49495,Ceratopteris richardii,"Ceratopteris richardii frond, 3 lobes, 45 day-old shoot",,,,,,,no,,,,,UNIVERSITY OF OXFORD,SRA1144195,,public,5FE73635E9D94B7EBE3C440FE3787177,071F6946549404DA47D4D51ADD1E9C2D
SRR12828012,2021-08-19 05:33:53,2020-10-18 13:03:55,45057580,6804121211,45057580,151,2751,,https://sra-downloadb.be-md.ncbi.nlm.nih.gov/sos2/sra-pub-zq-18/SRR012/12828/SRR12828012/SRR12828012.lite.1,SRX9295640,S5_60mins-drymock-high-br2,RNA-Seq,cDNA,TRANSCRIPTOMIC,PAIRED,0,0,ILLUMINA,Illumina HiSeq 2000,SRP287411,PRJNA666635,3,666635,SRS7520583,SAMN16306556,simple,49495,Ceratopteris richardii,"Ceratopteris richardii frond, 3 lobes, 45 day-old shoot",,,,,,,no,,,,,UNIVERSITY OF OXFORD,SRA1144195,,public,01792483E8C16B3D52516EFA7B73F74C,9016821E49E58EFC7C05FE79A2866284
SRR12828013,2021-08-19 05:33:53,2020-10-18 13:26:29,80184380,12108389104,80184380,151,4562,,https://sra-downloadb.be-md.ncbi.nlm.nih.gov/sos2/sra-pub-zq-18/SRR012/12828/SRR12828013/SRR12828013.lite.1,SRX9295639,S5_60mins-drymock-high-br1,RNA-Seq,cDNA,TRANSCRIPTOMIC,PAIRED,0,0,ILLUMINA,Illumina HiSeq 2000,SRP287411,PRJNA666635,3,666635,SRS7520583,SAMN16306556,simple,49495,Ceratopteris richardii,"Ceratopteris richardii frond, 3 lobes, 45 day-old shoot",,,,,,,no,,,,,UNIVERSITY OF OXFORD,SRA1144195,,public,887621A6F8D994FF41942B41779732DD,88A27F19795DDF6C687802D319C482B3
SRR12828014,2021-08-19 05:33:53,2020-10-18 13:09:28,52282666,7895743429,52282666,151,3551,,https://sra-downloadb.be-md.ncbi.nlm.nih.gov/sos2/sra-pub-zq-18/SRR012/12828/SRR12828014/SRR12828014.lite.1,SRX9295638,S4_60mins-dryaba-low-br3,RNA-Seq,cDNA,TRANSCRIPTOMIC,PAIRED,0,0,ILLUMINA,Illumina HiSeq 2000,SRP287411,PRJNA666635,3,666635,SRS7520583,SAMN16306556,simple,49495,Ceratopteris richardii,"Ceratopteris richardii frond, 3 lobes, 45 day-old shoot",,,,,,,no,,,,,UNIVERSITY OF OXFORD,SRA1144195,,public,61932AE73B8E913635B8A6280641DD5E,FEA813D27F630A556CAF2277E70C6218
SRR12828015,2021-08-19 05:33:53,2020-10-18 13:09:00,46459017,7015322318,46459017,151,2849,,https://sra-downloadb.be-md.ncbi.nlm.nih.gov/sos2/sra-pub-zq-18/SRR012/12828/SRR12828015/SRR12828015.lite.1,SRX9295637,S4_60mins-dryaba-low-br2,RNA-Seq,cDNA,TRANSCRIPTOMIC,PAIRED,0,0,ILLUMINA,Illumina HiSeq 2000,SRP287411,PRJNA666635,3,666635,SRS7520583,SAMN16306556,simple,49495,Ceratopteris richardii,"Ceratopteris richardii frond, 3 lobes, 45 day-old shoot",,,,,,,no,,,,,UNIVERSITY OF OXFORD,SRA1144195,,public,1CF658E45CF74A775568DC65043E80A6,AD8FDE3A1F63F50B39896D03DEDA8936
SRR12828016,2021-08-19 05:33:53,2020-10-18 12:59:17,38886638,5872464680,38886638,151,2227,,https://sra-downloadb.be-md.ncbi.nlm.nih.gov/sos2/sra-pub-zq-18/SRR012/12828/SRR12828016/SRR12828016.lite.1,SRX9295636,S4_60mins-dryaba-low-br1,RNA-Seq,cDNA,TRANSCRIPTOMIC,PAIRED,0,0,ILLUMINA,Illumina HiSeq 2000,SRP287411,PRJNA666635,3,666635,SRS7520583,SAMN16306556,simple,49495,Ceratopteris richardii,"Ceratopteris richardii frond, 3 lobes, 45 day-old shoot",,,,,,,no,,,,,UNIVERSITY OF OXFORD,SRA1144195,,public,50899F0E6CA0A7E5A6D52FB295B9DB0B,06B6F072FD37522D56E3A7B0CE6B0380
SRR12828017,2021-08-19 05:33:53,2020-10-18 13:25:36,71222394,10755692401,71222394,151,4838,,https://sra-downloadb.be-md.ncbi.nlm.nih.gov/sos2/sra-pub-zq-18/SRR012/12828/SRR12828017/SRR12828017.lite.1,SRX9295635,S3_60mins-dryaba-high-br3,RNA-Seq,cDNA,TRANSCRIPTOMIC,PAIRED,0,0,ILLUMINA,Illumina HiSeq 2000,SRP287411,PRJNA666635,3,666635,SRS7520583,SAMN16306556,simple,49495,Ceratopteris richardii,"Ceratopteris richardii frond, 3 lobes, 45 day-old shoot",,,,,,,no,,,,,UNIVERSITY OF OXFORD,SRA1144195,,public,83DA4B600E93652A89F20353A718E30E,BE60D2882A2623FAB82367D9A96A2DD9
SRR12828018,2021-08-19 05:33:53,2020-10-18 13:04:35,40940045,6182347328,40940045,151,2518,,https://sra-downloadb.be-md.ncbi.nlm.nih.gov/sos2/sra-pub-zq-18/SRR012/12828/SRR12828018/SRR12828018.lite.1,SRX9295634,S3_60mins-dryaba-high-br2,RNA-Seq,cDNA,TRANSCRIPTOMIC,PAIRED,0,0,ILLUMINA,Illumina HiSeq 2000,SRP287411,PRJNA666635,3,666635,SRS7520583,SAMN16306556,simple,49495,Ceratopteris richardii,"Ceratopteris richardii frond, 3 lobes, 45 day-old shoot",,,,,,,no,,,,,UNIVERSITY OF OXFORD,SRA1144195,,public,880D2BB7523FB53FCA515D35D4493F68,0ECDC7458AFACEF5410E8B53DDB2D5AC
SRR12828019,2021-08-19 05:33:53,2020-10-18 13:05:56,37324988,5636433167,37324988,151,2273,,https://sra-downloadb.be-md.ncbi.nlm.nih.gov/sos2/sra-pub-zq-18/SRR012/12828/SRR12828019/SRR12828019.lite.1,SRX9295633,S0_0mins-aba-high-br2,RNA-Seq,cDNA,TRANSCRIPTOMIC,PAIRED,0,0,ILLUMINA,Illumina HiSeq 2000,SRP287411,PRJNA666635,3,666635,SRS7520583,SAMN16306556,simple,49495,Ceratopteris richardii,"Ceratopteris richardii frond, 3 lobes, 45 day-old shoot",,,,,,,no,,,,,UNIVERSITY OF OXFORD,SRA1144195,,public,6BEB84EFE7EB09CA59E0584CDE457A60,2B9C7CA5954D6A2A2D32E86D60C26AAC
SRR12828020,2021-08-19 05:33:53,2020-10-18 13:01:54,47621967,7191911250,47621967,151,2708,,https://sra-downloadb.be-md.ncbi.nlm.nih.gov/sos2/sra-pub-zq-18/SRR012/12828/SRR12828020/SRR12828020.lite.1,SRX9295632,S0_0mins-aba-high-br1,RNA-Seq,cDNA,TRANSCRIPTOMIC,PAIRED,0,0,ILLUMINA,Illumina HiSeq 2000,SRP287411,PRJNA666635,3,666635,SRS7520583,SAMN16306556,simple,49495,Ceratopteris richardii,"Ceratopteris richardii frond, 3 lobes, 45 day-old shoot",,,,,,,no,,,,,UNIVERSITY OF OXFORD,SRA1144195,,public,1AF8F56F7D0CBCCD6BFED72B50A33DB4,F7C9CC127F9DB8624F0CF893F02DC789
Run,ReleaseDate,LoadDate,spots,bases,spots_with_mates,avgLength,size_MB,AssemblyName,download_path,Experiment,LibraryName,LibraryStrategy,LibrarySelection,LibrarySource,LibraryLayout,InsertSize,InsertDev,Platform,Model,SRAStudy,BioProject,Study_Pubmed_id,ProjectID,Sample,BioSample,SampleType,TaxID,ScientificName,SampleName,g1k_pop_code,source,g1k_analysis_group,Subject_ID,Sex,Disease,Tumor,Affection_Status,Analyte_Type,Histological_Type,Body_Site,CenterName,Submission,dbgap_study_accession,Consent,RunHash,ReadHash
SRR12605703,2020-09-08 01:31:45,2020-09-07 23:44:31,135059422,40787945444,135059422,302,11770,,https://sra-downloadb.be-md.ncbi.nlm.nih.gov/sos3/sra-pub-zq-22/SRR012/12605/SRR12605703/SRR12605703.lite.1,SRX9089367,GTTAZ,OTHER,RT-PCR,TRANSCRIPTOMIC,PAIRED,0,0,ILLUMINA,Illumina NovaSeq 6000,SRP280898,PRJNA651764,,651764,SRS7335307,SAMN15721132,simple,49495,Ceratopteris richardii,Gp0466668,,,,,,,no,,,,,JGI,SRA1122246,,public,6F0ADE97C6EF5ACA161F4C550AC9F8C0,2928C856FA744885F3E55AE9A241D770
Run,ReleaseDate,LoadDate,spots,bases,spots_with_mates,avgLength,size_MB,AssemblyName,download_path,Experiment,LibraryName,LibraryStrategy,LibrarySelection,LibrarySource,LibraryLayout,InsertSize,InsertDev,Platform,Model,SRAStudy,BioProject,Study_Pubmed_id,ProjectID,Sample,BioSample,SampleType,TaxID,ScientificName,SampleName,g1k_pop_code,source,g1k_analysis_group,Subject_ID,Sex,Disease,Tumor,Affection_Status,Analyte_Type,Histological_Type,Body_Site,CenterName,Submission,dbgap_study_accession,Consent,RunHash,ReadHash
SRR12605701,2020-09-08 01:31:45,2020-09-07 23:58:52,162985433,49221600766,162985433,302,14304,,https://sra-downloadb.be-md.ncbi.nlm.nih.gov/sos3/sra-pub-zq-22/SRR012/12605/SRR12605701/SRR12605701.lite.1,SRX9089369,GTTBA,OTHER,RT-PCR,TRANSCRIPTOMIC,PAIRED,0,0,ILLUMINA,Illumina NovaSeq 6000,SRP280899,PRJNA651765,,651765,SRS7335308,SAMN15721992,simple,49495,Ceratopteris richardii,Gp0466669,,,,,,,no,,,,,JGI,SRA1122246,,public,D8F7B5BE84A56610C997CD038895F3A9,F7C6E9A178128B4EE84C0E38BB58B909
Run,ReleaseDate,LoadDate,spots,bases,spots_with_mates,avgLength,size_MB,AssemblyName,download_path,Experiment,LibraryName,LibraryStrategy,LibrarySelection,LibrarySource,LibraryLayout,InsertSize,InsertDev,Platform,Model,SRAStudy,BioProject,Study_Pubmed_id,ProjectID,Sample,BioSample,SampleType,TaxID,ScientificName,SampleName,g1k_pop_code,source,g1k_analysis_group,Subject_ID,Sex,Disease,Tumor,Affection_Status,Analyte_Type,Histological_Type,Body_Site,CenterName,Submission,dbgap_study_accession,Consent,RunHash,ReadHash
SRR12605700,2020-09-08 01:31:45,2020-09-08 00:07:10,167629220,50624024440,167629220,302,14606,,https://sra-downloadb.be-md.ncbi.nlm.nih.gov/sos3/sra-pub-zq-24/SRR012/12605/SRR12605700/SRR12605700.lite.1,SRX9089370,GTTBB,OTHER,RT-PCR,TRANSCRIPTOMIC,PAIRED,0,0,ILLUMINA,Illumina NovaSeq 6000,SRP280900,PRJNA651766,,651766,SRS7335309,SAMN15721131,simple,49495,Ceratopteris richardii,Gp0466670,,,,,,,no,,,,,JGI,SRA1122246,,public,5588EBE6A98B56892C6B5197F90E604D,D760101233D9A28D13F806D7BB0561DA
Run,ReleaseDate,LoadDate,spots,bases,spots_with_mates,avgLength,size_MB,AssemblyName,download_path,Experiment,LibraryName,LibraryStrategy,LibrarySelection,LibrarySource,LibraryLayout,InsertSize,InsertDev,Platform,Model,SRAStudy,BioProject,Study_Pubmed_id,ProjectID,Sample,BioSample,SampleType,TaxID,ScientificName,SampleName,g1k_pop_code,source,g1k_analysis_group,Subject_ID,Sex,Disease,Tumor,Affection_Status,Analyte_Type,Histological_Type,Body_Site,CenterName,Submission,dbgap_study_accession,Consent,RunHash,ReadHash
SRR12605699,2020-09-08 01:31:46,2020-09-07 23:48:55,147826180,44643506360,147826180,302,12936,,https://sra-downloadb.be-md.ncbi.nlm.nih.gov/sos3/sra-pub-zq-24/SRR012/12605/SRR12605699/SRR12605699.lite.1,SRX9089371,GTTBC,OTHER,RT-PCR,TRANSCRIPTOMIC,PAIRED,0,0,ILLUMINA,Illumina NovaSeq 6000,SRP280901,PRJNA651767,,651767,SRS7335310,SAMN15721258,simple,49495,Ceratopteris richardii,Gp0466671,,,,,,,no,,,,,JGI,SRA1122246,,public,AD1CF9FB37BD81DE0031D7FB0D0B77B5,BF3C901306EABAEED5093EAD32C10AEC
Run,ReleaseDate,LoadDate,spots,bases,spots_with_mates,avgLength,size_MB,AssemblyName,download_path,Experiment,LibraryName,LibraryStrategy,LibrarySelection,LibrarySource,LibraryLayout,InsertSize,InsertDev,Platform,Model,SRAStudy,BioProject,Study_Pubmed_id,ProjectID,Sample,BioSample,SampleType,TaxID,ScientificName,SampleName,g1k_pop_code,source,g1k_analysis_group,Subject_ID,Sex,Disease,Tumor,Affection_Status,Analyte_Type,Histological_Type,Body_Site,CenterName,Submission,dbgap_study_accession,Consent,RunHash,ReadHash
SRR12605698,2020-09-08 01:31:46,2020-09-07 23:57:51,163195694,49285099588,163195694,302,14475,,https://sra-downloadb.be-md.ncbi.nlm.nih.gov/sos3/sra-pub-zq-22/SRR012/12605/SRR12605698/SRR12605698.lite.1,SRX9089372,GTTBG,OTHER,RT-PCR,TRANSCRIPTOMIC,PAIRED,0,0,ILLUMINA,Illumina NovaSeq 6000,SRP280902,PRJNA651768,,651768,SRS7335311,SAMN15721690,simple,49495,Ceratopteris richardii,Gp0466672,,,,,,,no,,,,,JGI,SRA1122246,,public,79C05D575B7CAB01350FCD4E185CA9FF,0865C5302F6195600720CE3A8B68B58F
Run,ReleaseDate,LoadDate,spots,bases,spots_with_mates,avgLength,size_MB,AssemblyName,download_path,Experiment,LibraryName,LibraryStrategy,LibrarySelection,LibrarySource,LibraryLayout,InsertSize,InsertDev,Platform,Model,SRAStudy,BioProject,Study_Pubmed_id,ProjectID,Sample,BioSample,SampleType,TaxID,ScientificName,SampleName,g1k_pop_code,source,g1k_analysis_group,Subject_ID,Sex,Disease,Tumor,Affection_Status,Analyte_Type,Histological_Type,Body_Site,CenterName,Submission,dbgap_study_accession,Consent,RunHash,ReadHash
SRR12605697,2020-09-08 01:31:46,2020-09-08 00:18:16,177780092,53689587784,177780092,302,15483,,https://sra-downloadb.be-md.ncbi.nlm.nih.gov/sos3/sra-pub-zq-22/SRR012/12605/SRR12605697/SRR12605697.lite.1,SRX9089373,GTTBH,OTHER,RT-PCR,TRANSCRIPTOMIC,PAIRED,0,0,ILLUMINA,Illumina NovaSeq 6000,SRP280903,PRJNA651769,,651769,SRS7335312,SAMN15721886,simple,49495,Ceratopteris richardii,Gp0466673,,,,,,,no,,,,,JGI,SRA1122246,,public,4BC4EB2B6D14C18FB9C662DC84CABA8F,261BBA0FA9CEE43D2B512D3825CF5ECD
Run,ReleaseDate,LoadDate,spots,bases,spots_with_mates,avgLength,size_MB,AssemblyName,download_path,Experiment,LibraryName,LibraryStrategy,LibrarySelection,LibrarySource,LibraryLayout,InsertSize,InsertDev,Platform,Model,SRAStudy,BioProject,Study_Pubmed_id,ProjectID,Sample,BioSample,SampleType,TaxID,ScientificName,SampleName,g1k_pop_code,source,g1k_analysis_group,Subject_ID,Sex,Disease,Tumor,Affection_Status,Analyte_Type,Histological_Type,Body_Site,CenterName,Submission,dbgap_study_accession,Consent,RunHash,ReadHash
SRR12605696,2020-09-08 01:31:46,2020-09-07 23:54:16,143511404,43340444008,143511404,302,12610,,https://sra-downloadb.be-md.ncbi.nlm.nih.gov/sos3/sra-pub-zq-24/SRR012/12605/SRR12605696/SRR12605696.lite.1,SRX9089374,GTTBN,OTHER,RT-PCR,TRANSCRIPTOMIC,PAIRED,0,0,ILLUMINA,Illumina NovaSeq 6000,SRP280904,PRJNA651770,,651770,SRS7335313,SAMN15721549,simple,49495,Ceratopteris richardii,Gp0466674,,,,,,,no,,,,,JGI,SRA1122246,,public,6C70105250166152654AADDD57E99D2F,B9396696FFDFCD37F8EB7217267F3DD2
Run,ReleaseDate,LoadDate,spots,bases,spots_with_mates,avgLength,size_MB,AssemblyName,download_path,Experiment,LibraryName,LibraryStrategy,LibrarySelection,LibrarySource,LibraryLayout,InsertSize,InsertDev,Platform,Model,SRAStudy,BioProject,Study_Pubmed_id,ProjectID,Sample,BioSample,SampleType,TaxID,ScientificName,SampleName,g1k_pop_code,source,g1k_analysis_group,Subject_ID,Sex,Disease,Tumor,Affection_Status,Analyte_Type,Histological_Type,Body_Site,CenterName,Submission,dbgap_study_accession,Consent,RunHash,ReadHash
SRR12605695,2020-09-08 01:31:46,2020-09-08 00:21:48,172592074,52122806348,172592074,302,15150,,https://sra-downloadb.be-md.ncbi.nlm.nih.gov/sos3/sra-pub-zq-22/SRR012/12605/SRR12605695/SRR12605695.lite.1,SRX9089375,GTTBO,OTHER,RT-PCR,TRANSCRIPTOMIC,PAIRED,0,0,ILLUMINA,Illumina NovaSeq 6000,SRP280905,PRJNA651771,,651771,SRS7335314,SAMN15721443,simple,49495,Ceratopteris richardii,Gp0466675,,,,,,,no,,,,,JGI,SRA1122246,,public,CB958E162BB5F1DC354AA30BDFCDA35C,36708982FDEB948CD6727F34B8FF3701
Run,ReleaseDate,LoadDate,spots,bases,spots_with_mates,avgLength,size_MB,AssemblyName,download_path,Experiment,LibraryName,LibraryStrategy,LibrarySelection,LibrarySource,LibraryLayout,InsertSize,InsertDev,Platform,Model,SRAStudy,BioProject,Study_Pubmed_id,ProjectID,Sample,BioSample,SampleType,TaxID,ScientificName,SampleName,g1k_pop_code,source,g1k_analysis_group,Subject_ID,Sex,Disease,Tumor,Affection_Status,Analyte_Type,Histological_Type,Body_Site,CenterName,Submission,dbgap_study_accession,Consent,RunHash,ReadHash
SRR12605708,2020-09-08 01:31:45,2020-09-07 23:54:30,144875636,43752442072,144875636,302,12877,,https://sra-downloadb.be-md.ncbi.nlm.nih.gov/sos3/sra-pub-zq-22/SRR012/12605/SRR12605708/SRR12605708.lite.1,SRX9089362,GTTBP,OTHER,RT-PCR,TRANSCRIPTOMIC,PAIRED,0,0,ILLUMINA,Illumina NovaSeq 6000,SRP280894,PRJNA651772,,651772,SRS7335303,SAMN15721689,simple,49495,Ceratopteris richardii,Gp0466676,,,,,,,no,,,,,JGI,SRA1122246,,public,A03C01B8535BFF76705906EA2A65A534,A1BAEA9F833733EAF6443D4926BFA8CF
Run,ReleaseDate,LoadDate,spots,bases,spots_with_mates,avgLength,size_MB,AssemblyName,download_path,Experiment,LibraryName,LibraryStrategy,LibrarySelection,LibrarySource,LibraryLayout,InsertSize,InsertDev,Platform,Model,SRAStudy,BioProject,Study_Pubmed_id,ProjectID,Sample,BioSample,SampleType,TaxID,ScientificName,SampleName,g1k_pop_code,source,g1k_analysis_group,Subject_ID,Sex,Disease,Tumor,Affection_Status,Analyte_Type,Histological_Type,Body_Site,CenterName,Submission,dbgap_study_accession,Consent,RunHash,ReadHash
SRR12605707,2020-09-08 01:31:45,2020-09-08 00:08:08,172602000,52125804000,172602000,302,15271,,https://sra-downloadb.be-md.ncbi.nlm.nih.gov/sos3/sra-pub-zq-22/SRR012/12605/SRR12605707/SRR12605707.lite.1,SRX9089363,GTTBS,OTHER,RT-PCR,TRANSCRIPTOMIC,PAIRED,0,0,ILLUMINA,Illumina NovaSeq 6000,SRP280895,PRJNA651773,,651773,SRS7335304,SAMN15721260,simple,49495,Ceratopteris richardii,Gp0466677,,,,,,,no,,,,,JGI,SRA1122246,,public,35081F0D826FAEF5F120A8CFD20ADC1E,71E45BE401B81058DF903FF2E9B26C7A
Run,ReleaseDate,LoadDate,spots,bases,spots_with_mates,avgLength,size_MB,AssemblyName,download_path,Experiment,LibraryName,LibraryStrategy,LibrarySelection,LibrarySource,LibraryLayout,InsertSize,InsertDev,Platform,Model,SRAStudy,BioProject,Study_Pubmed_id,ProjectID,Sample,BioSample,SampleType,TaxID,ScientificName,SampleName,g1k_pop_code,source,g1k_analysis_group,Subject_ID,Sex,Disease,Tumor,Affection_Status,Analyte_Type,Histological_Type,Body_Site,CenterName,Submission,dbgap_study_accession,Consent,RunHash,ReadHash
Run,ReleaseDate,LoadDate,spots,bases,spots_with_mates,avgLength,size_MB,AssemblyName,download_path,Experiment,LibraryName,LibraryStrategy,LibrarySelection,LibrarySource,LibraryLayout,InsertSize,InsertDev,Platform,Model,SRAStudy,BioProject,Study_Pubmed_id,ProjectID,Sample,BioSample,SampleType,TaxID,ScientificName,SampleName,g1k_pop_code,source,g1k_analysis_group,Subject_ID,Sex,Disease,Tumor,Affection_Status,Analyte_Type,Histological_Type,Body_Site,CenterName,Submission,dbgap_study_accession,Consent,RunHash,ReadHash
Run,ReleaseDate,LoadDate,spots,bases,spots_with_mates,avgLength,size_MB,AssemblyName,download_path,Experiment,LibraryName,LibraryStrategy,LibrarySelection,LibrarySource,LibraryLayout,InsertSize,InsertDev,Platform,Model,SRAStudy,BioProject,Study_Pubmed_id,ProjectID,Sample,BioSample,SampleType,TaxID,ScientificName,SampleName,g1k_pop_code,source,g1k_analysis_group,Subject_ID,Sex,Disease,Tumor,Affection_Status,Analyte_Type,Histological_Type,Body_Site,CenterName,Submission,dbgap_study_accession,Consent,RunHash,ReadHash
SRR10317162,2019-10-24 07:35:13,2019-10-23 19:50:54,29609976,8882992800,29609976,300,2720,,https://sra-downloadb.be-md.ncbi.nlm.nih.gov/sos5/sra-pub-zq-16/SRR010/317/SRR10317162.sralite.1,SRX7028093,,RNA-Seq,cDNA,TRANSCRIPTOMIC,PAIRED,0,0,ILLUMINA,Illumina HiSeq 3000,SRP226446,PRJNA578676,,578676,SRS5548457,SAMN13068287,simple,49495,Ceratopteris richardii,GSM4132299,,,,,,,no,,,,,GEO,SRA982636,,public,5A1F422BC4DDAA2F38F036A3FA2E4227,969E8811D406F6BB27DDD4B62181F8B7
SRR10317163,2019-10-24 08:02:16,2019-10-23 20:12:18,64117339,19235201700,64117339,300,5929,,https://sra-downloadb.be-md.ncbi.nlm.nih.gov/sos5/sra-pub-zq-14/SRR010/317/SRR10317163.sralite.1,SRX7028094,,RNA-Seq,cDNA,TRANSCRIPTOMIC,PAIRED,0,0,ILLUMINA,Illumina HiSeq 3000,SRP226446,PRJNA578676,,578676,SRS5548458,SAMN13068286,simple,49495,Ceratopteris richardii,GSM4132300,,,,,,,no,,,,,GEO,SRA982636,,public,E3F553B1603530D698509C62FAC4E0E0,C652E5B149CF41B7AEFCBDB63BECB2D5
SRR10317164,2019-10-24 08:49:50,2019-10-23 20:24:45,46329700,13898910000,46329700,300,4398,,https://sra-downloadb.be-md.ncbi.nlm.nih.gov/sos5/sra-pub-zq-16/SRR010/317/SRR10317164.sralite.1,SRX7028095,,RNA-Seq,cDNA,TRANSCRIPTOMIC,PAIRED,0,0,ILLUMINA,Illumina HiSeq 3000,SRP226446,PRJNA578676,,578676,SRS5548459,SAMN13068285,simple,49495,Ceratopteris richardii,GSM4132301,,,,,,,no,,,,,GEO,SRA982636,,public,6F34847B24195C477D81244A1AE7FDB9,BECB4C0BFED82977426D1C3C38629A88
SRR10317165,2019-10-24 07:49:26,2019-10-23 20:04:23,46266561,13879968300,46266561,300,4396,,https://sra-downloadb.be-md.ncbi.nlm.nih.gov/sos5/sra-pub-zq-16/SRR010/317/SRR10317165.sralite.1,SRX7028096,,RNA-Seq,cDNA,TRANSCRIPTOMIC,PAIRED,0,0,ILLUMINA,Illumina HiSeq 3000,SRP226446,PRJNA578676,,578676,SRS5548460,SAMN13068284,simple,49495,Ceratopteris richardii,GSM4132302,,,,,,,no,,,,,GEO,SRA982636,,public,952DC37C73B86FC19713CC71A798C497,1016B8FC4E12CAC89C004103891E2EEF
SRR10317166,2019-10-24 08:49:50,2019-10-23 20:28:17,56992440,17097732000,56992440,300,5421,,https://sra-downloadb.be-md.ncbi.nlm.nih.gov/sos3/sra-pub-zq-22/SRR010/317/SRR10317166.sralite.1,SRX7028097,,RNA-Seq,cDNA,TRANSCRIPTOMIC,PAIRED,0,0,ILLUMINA,Illumina HiSeq 3000,SRP226446,PRJNA578676,,578676,SRS5548461,SAMN13068283,simple,49495,Ceratopteris richardii,GSM4132303,,,,,,,no,,,,,GEO,SRA982636,,public,BB25B2F289289252546B50F953918ACD,3EC0E3013D7FE296791E696E1FF6F476
SRR10317157,2019-10-24 08:00:16,2019-10-23 20:05:51,44444744,13333423200,44444744,300,4101,,https://sra-downloadb.be-md.ncbi.nlm.nih.gov/sos5/sra-pub-zq-16/SRR010/317/SRR10317157.sralite.1,SRX7028088,,RNA-Seq,cDNA,TRANSCRIPTOMIC,PAIRED,0,0,ILLUMINA,Illumina HiSeq 3000,SRP226446,PRJNA578676,,578676,SRS5548452,SAMN13068257,simple,49495,Ceratopteris richardii,GSM4132294,,,,,,,no,,,,,GEO,SRA982636,,public,EBAB16298EE429868B50457EE7E7F2C8,A6460B4B29856FA223CDF230ABA93C23
SRR10317158,2019-10-24 08:49:50,2019-10-23 20:23:32,62707174,18812152200,62707174,300,5774,,https://sra-downloadb.be-md.ncbi.nlm.nih.gov/sos5/sra-pub-zq-14/SRR010/317/SRR10317158.sralite.1,SRX7028089,,RNA-Seq,cDNA,TRANSCRIPTOMIC,PAIRED,0,0,ILLUMINA,Illumina HiSeq 3000,SRP226446,PRJNA578676,,578676,SRS5548453,SAMN13068256,simple,49495,Ceratopteris richardii,GSM4132295,,,,,,,no,,,,,GEO,SRA982636,,public,2573E4D19C7A0006A1CF2F4A0E2E9C96,1C008EEB76F5D9856DCB1B906E45B056
SRR10317159,2019-10-24 07:45:11,2019-10-23 20:03:44,40276033,12082809900,40276033,300,3730,,https://sra-downloadb.be-md.ncbi.nlm.nih.gov/sos5/sra-pub-zq-16/SRR010/317/SRR10317159.sralite.1,SRX7028090,,RNA-Seq,cDNA,TRANSCRIPTOMIC,PAIRED,0,0,ILLUMINA,Illumina HiSeq 3000,SRP226446,PRJNA578676,,578676,SRS5548454,SAMN13068290,simple,49495,Ceratopteris richardii,GSM4132296,,,,,,,no,,,,,GEO,SRA982636,,public,F1CD846908104845CCD63EA3F608177F,86FD12864E6BFC746388292AFD1D5FA1
SRR10317160,2019-10-24 07:51:12,2019-10-23 20:06:07,39420040,11826012000,39420040,300,3650,,https://sra-downloadb.be-md.ncbi.nlm.nih.gov/sos3/sra-pub-zq-22/SRR010/317/SRR10317160.sralite.1,SRX7028091,,RNA-Seq,cDNA,TRANSCRIPTOMIC,PAIRED,0,0,ILLUMINA,Illumina HiSeq 3000,SRP226446,PRJNA578676,,578676,SRS5548455,SAMN13068289,simple,49495,Ceratopteris richardii,GSM4132297,,,,,,,no,,,,,GEO,SRA982636,,public,6A327284311B76B0E6F47FE375495E1B,CABD0F5ABCB728183C7D096AA201BC6B
SRR10317161,2019-10-24 08:00:16,2019-10-23 20:11:58,37142018,11142605400,37142018,300,3417,,https://sra-downloadb.be-md.ncbi.nlm.nih.gov/sos5/sra-pub-zq-16/SRR010/317/SRR10317161.sralite.1,SRX7028092,,RNA-Seq,cDNA,TRANSCRIPTOMIC,PAIRED,0,0,ILLUMINA,Illumina HiSeq 3000,SRP226446,PRJNA578676,,578676,SRS5548456,SAMN13068288,simple,49495,Ceratopteris richardii,GSM4132298,,,,,,,no,,,,,GEO,SRA982636,,public,62DE024DE4FAE959565DA5A58E11DF6D,51D3DB7D105E90763D0E485E22EA12F6
SRR10317152,2019-10-24 07:47:12,2019-10-23 20:04:28,38058613,11417583900,38058613,300,3494,,https://sra-downloadb.be-md.ncbi.nlm.nih.gov/sos3/sra-pub-zq-22/SRR010/317/SRR10317152.sralite.1,SRX7028083,,RNA-Seq,cDNA,TRANSCRIPTOMIC,PAIRED,0,0,ILLUMINA,Illumina HiSeq 3000,SRP226446,PRJNA578676,,578676,SRS5548447,SAMN13068262,simple,49495,Ceratopteris richardii,GSM4132289,,,,,,,no,,,,,GEO,SRA982636,,public,F580EB9486E20D9927D6938E05AD3AB5,BCF9067D905503F0A5EB6A5041C2250C
SRR10317153,2019-10-24 07:53:14,2019-10-23 20:06:10,41070015,12321004500,41070015,300,3768,,https://sra-downloadb.be-md.ncbi.nlm.nih.gov/sos5/sra-pub-zq-14/SRR010/317/SRR10317153.sralite.1,SRX7028084,,RNA-Seq,cDNA,TRANSCRIPTOMIC,PAIRED,0,0,ILLUMINA,Illumina HiSeq 3000,SRP226446,PRJNA578676,,578676,SRS5548448,SAMN13068261,simple,49495,Ceratopteris richardii,GSM4132290,,,,,,,no,,,,,GEO,SRA982636,,public,FD865A915B99C1DB6E17495003690C6B,E2D5BF47BC7AC171442D7920ACBDCDE8
SRR10317154,2019-10-24 08:49:50,2019-10-23 20:32:18,60890801,18267240300,60890801,300,5609,,https://sra-downloadb.be-md.ncbi.nlm.nih.gov/sos5/sra-pub-zq-16/SRR010/317/SRR10317154.sralite.1,SRX7028085,,RNA-Seq,cDNA,TRANSCRIPTOMIC,PAIRED,0,0,ILLUMINA,Illumina HiSeq 3000,SRP226446,PRJNA578676,,578676,SRS5548449,SAMN13068260,simple,49495,Ceratopteris richardii,GSM4132291,,,,,,,no,,,,,GEO,SRA982636,,public,D663397F00012B163DDEC95C9A5967F0,B4A3171F78B45591A5936CB07B140DA2
SRR10317155,2019-10-24 07:53:14,2019-10-23 20:06:29,44103205,13230961500,44103205,300,4091,,https://sra-downloadb.be-md.ncbi.nlm.nih.gov/sos5/sra-pub-zq-14/SRR010/317/SRR10317155.sralite.1,SRX7028086,,RNA-Seq,cDNA,TRANSCRIPTOMIC,PAIRED,0,0,ILLUMINA,Illumina HiSeq 3000,SRP226446,PRJNA578676,,578676,SRS5548450,SAMN13068259,simple,49495,Ceratopteris richardii,GSM4132292,,,,,,,no,,,,,GEO,SRA982636,,public,AE475388EB37E5C4AAB8E7A44113F324,099C2F5038264951B918B495EBDD21A8
SRR10317156,2019-10-24 08:00:15,2019-10-23 20:07:00,46452681,13935804300,46452681,300,4259,,https://sra-downloadb.be-md.ncbi.nlm.nih.gov/sos5/sra-pub-zq-14/SRR010/317/SRR10317156.sralite.1,SRX7028087,,RNA-Seq,cDNA,TRANSCRIPTOMIC,PAIRED,0,0,ILLUMINA,Illumina HiSeq 3000,SRP226446,PRJNA578676,,578676,SRS5548451,SAMN13068258,simple,49495,Ceratopteris richardii,GSM4132293,,,,,,,no,,,,,GEO,SRA982636,,public,A6CBBD52AF9AB6079519169C073BEB9B,3B5BF8AE171F65E278C65EF459F0365F
Run,ReleaseDate,LoadDate,spots,bases,spots_with_mates,avgLength,size_MB,AssemblyName,download_path,Experiment,LibraryName,LibraryStrategy,LibrarySelection,LibrarySource,LibraryLayout,InsertSize,InsertDev,Platform,Model,SRAStudy,BioProject,Study_Pubmed_id,ProjectID,Sample,BioSample,SampleType,TaxID,ScientificName,SampleName,g1k_pop_code,source,g1k_analysis_group,Subject_ID,Sex,Disease,Tumor,Affection_Status,Analyte_Type,Histological_Type,Body_Site,CenterName,Submission,dbgap_study_accession,Consent,RunHash,ReadHash
Run,ReleaseDate,LoadDate,spots,bases,spots_with_mates,avgLength,size_MB,AssemblyName,download_path,Experiment,LibraryName,LibraryStrategy,LibrarySelection,LibrarySource,LibraryLayout,InsertSize,InsertDev,Platform,Model,SRAStudy,BioProject,Study_Pubmed_id,ProjectID,Sample,BioSample,SampleType,TaxID,ScientificName,SampleName,g1k_pop_code,source,g1k_analysis_group,Subject_ID,Sex,Disease,Tumor,Affection_Status,Analyte_Type,Histological_Type,Body_Site,CenterName,Submission,dbgap_study_accession,Consent,RunHash,ReadHash
SRR9723089,2019-07-28 11:51:27,2019-07-22 09:25:07,33581058,10141479516,33581058,302,3192,,https://sra-downloadb.be-md.ncbi.nlm.nih.gov/sos5/sra-pub-zq-16/SRR009/723/SRR9723089.sralite.1,SRX6480638,,RNA-Seq,cDNA,TRANSCRIPTOMIC,PAIRED,0,0,ILLUMINA,Illumina HiSeq 3000,SRP215848,PRJNA555841,,555841,SRS5130657,SAMN12331587,simple,49495,Ceratopteris richardii,GSM3958025,,,,,,,no,,,,,GEO,SRA924281,,public,208BE61B6C07D9CBBB324D0161F05A16,4BC75E867C7D5F4ED0E48B1CE25ECBF1
SRR9723090,2019-07-28 11:51:27,2019-07-22 09:27:45,37714816,11389874432,37714816,302,3564,,https://sra-downloadb.be-md.ncbi.nlm.nih.gov/sos3/sra-pub-zq-22/SRR009/723/SRR9723090.sralite.1,SRX6480639,,RNA-Seq,cDNA,TRANSCRIPTOMIC,PAIRED,0,0,ILLUMINA,Illumina HiSeq 3000,SRP215848,PRJNA555841,,555841,SRS5130658,SAMN12331586,simple,49495,Ceratopteris richardii,GSM3958026,,,,,,,no,,,,,GEO,SRA924281,,public,FBA0095E8D64D442914742F643AF33EF,27D4F26E2090B62F3B08284911E6C1D3
SRR9723091,2019-07-28 11:51:27,2019-07-22 09:25:53,34083141,10293108582,34083141,302,3220,,https://sra-downloadb.be-md.ncbi.nlm.nih.gov/sos5/sra-pub-zq-16/SRR009/723/SRR9723091.sralite.1,SRX6480640,,RNA-Seq,cDNA,TRANSCRIPTOMIC,PAIRED,0,0,ILLUMINA,Illumina HiSeq 3000,SRP215848,PRJNA555841,,555841,SRS5130659,SAMN12331585,simple,49495,Ceratopteris richardii,GSM3958027,,,,,,,no,,,,,GEO,SRA924281,,public,A85E34725CAD5AD682AC8EB5261A550B,D78C0A2C32665102B74B3CAF49CF9155
SRR9723092,2019-07-28 11:51:27,2019-07-22 09:26:16,37101880,11204767760,37101880,302,3512,,https://sra-downloadb.be-md.ncbi.nlm.nih.gov/sos5/sra-pub-zq-16/SRR009/723/SRR9723092.sralite.1,SRX6480641,,RNA-Seq,cDNA,TRANSCRIPTOMIC,PAIRED,0,0,ILLUMINA,Illumina HiSeq 3000,SRP215848,PRJNA555841,,555841,SRS5130660,SAMN12331583,simple,49495,Ceratopteris richardii,GSM3958028,,,,,,,no,,,,,GEO,SRA924281,,public,97122FA71E5D2F84C690882A0010FE42,A2AB0E2E52B51824F0630F54AD4B34BF
SRR9723093,2019-07-28 11:51:27,2019-07-22 09:28:00,36650268,11068380936,36650268,302,3482,,https://sra-downloadb.be-md.ncbi.nlm.nih.gov/sos3/sra-pub-zq-22/SRR009/723/SRR9723093.sralite.1,SRX6480642,,RNA-Seq,cDNA,TRANSCRIPTOMIC,PAIRED,0,0,ILLUMINA,Illumina HiSeq 3000,SRP215848,PRJNA555841,,555841,SRS5130661,SAMN12331581,simple,49495,Ceratopteris richardii,GSM3958029,,,,,,,no,,,,,GEO,SRA924281,,public,2424FD0BB45CC7B5B2D21E1F57C5E7ED,09AD90B2BB890DE978120283E6D2C2AC
SRR9723088,2019-07-28 11:51:27,2019-07-22 09:25:17,31396163,9481641226,31396163,302,2952,,https://sra-downloadb.be-md.ncbi.nlm.nih.gov/sos3/sra-pub-zq-22/SRR009/723/SRR9723088.sralite.1,SRX6480637,,RNA-Seq,cDNA,TRANSCRIPTOMIC,PAIRED,0,0,ILLUMINA,Illumina HiSeq 3000,SRP215848,PRJNA555841,,555841,SRS5130656,SAMN12331560,simple,49495,Ceratopteris richardii,GSM3958024,,,,,,,no,,,,,GEO,SRA924281,,public,6C7A6A3DD3A5049E6B2C029D82CC2AC6,838FF2334782A337D01FD06DF57C5868
Run,ReleaseDate,LoadDate,spots,bases,spots_with_mates,avgLength,size_MB,AssemblyName,download_path,Experiment,LibraryName,LibraryStrategy,LibrarySelection,LibrarySource,LibraryLayout,InsertSize,InsertDev,Platform,Model,SRAStudy,BioProject,Study_Pubmed_id,ProjectID,Sample,BioSample,SampleType,TaxID,ScientificName,SampleName,g1k_pop_code,source,g1k_analysis_group,Subject_ID,Sex,Disease,Tumor,Affection_Status,Analyte_Type,Histological_Type,Body_Site,CenterName,Submission,dbgap_study_accession,Consent,RunHash,ReadHash
SRR1313314,2015-06-11 00:00:00,2014-06-09 22:41:48,30379919,6136743638,30379919,202,4271,,https://sra-downloadb.be-md.ncbi.nlm.nih.gov/sos5/sra-pub-zq-11/SRR001/313/SRR1313314/SRR1313314.sralite.1,SRX559942,,RNA-Seq,PolyA,TRANSCRIPTOMIC,PAIRED,0,0,ILLUMINA,Illumina HiSeq 2000,SRP042621,PRJNA248887,,248887,SRS624443,SAMN02803864,simple,49495,Ceratopteris richardii,4.5dai Hn-n,,,,,,,no,,,,,PURDUE UNIVERSITY,SRA168407,,public,F9D4E53E19D4FAD07FEBE0B86154BDE2,6087E6314ED87B79C43D3F9779F720EA
SRR1313341,2015-06-11 00:00:00,2014-06-09 16:36:33,33382224,6743209248,33382224,202,4771,,https://sra-downloadb.be-md.ncbi.nlm.nih.gov/sos5/sra-pub-zq-11/SRR001/313/SRR1313341/SRR1313341.sralite.1,SRX559945,FM3,RNA-Seq,PolyA,TRANSCRIPTOMIC,PAIRED,0,0,ILLUMINA,Illumina HiSeq 2000,SRP042621,PRJNA248887,,248887,SRS624443,SAMN02803864,simple,49495,Ceratopteris richardii,4.5dai Hn-n,,,,,,,no,,,,,PURDUE UNIVERSITY,SRA168407,,public,CBFDACF95E3014C373AFAE17B69E4DF4,0FC257F705DA6DA7F93BC2564E236B0B
SRR1314211,2015-06-11 00:00:00,2014-06-11 10:30:44,37417466,7558328132,37417466,202,5222,,https://sra-downloadb.be-md.ncbi.nlm.nih.gov/sos5/sra-pub-zq-11/SRR001/314/SRR1314211/SRR1314211.sralite.1,SRX560678,,RNA-Seq,PolyA,TRANSCRIPTOMIC,PAIRED,0,0,ILLUMINA,Illumina HiSeq 2000,SRP042621,PRJNA248887,,248887,SRS624918,SAMN02821161,simple,49495,Ceratopteris richardii,4.5dai Hn-n in CFM,,,,,,,no,,,,,PURDUE UNIVERSITY,SRA168425,,public,E63BA0EE42C10CE56E9B13DB7D96A683,926BD22F42FD75B080FCD771CCEC5E3A
SRR1314602,2015-06-11 00:00:00,2014-06-11 10:29:21,32708493,6607115586,32708493,202,4436,,https://sra-downloadb.be-md.ncbi.nlm.nih.gov/sos5/sra-pub-zq-11/SRR001/314/SRR1314602/SRR1314602.sralite.1,SRX560686,,RNA-Seq,PolyA,TRANSCRIPTOMIC,PAIRED,0,0,ILLUMINA,Illumina HiSeq 2000,SRP042621,PRJNA248887,,248887,SRS624918,SAMN02821161,simple,49495,Ceratopteris richardii,4.5dai Hn-n in CFM,,,,,,,no,,,,,PURDUE UNIVERSITY,SRA168425,,public,39D6AA864C2F5393D1DC90833487BE75,E19F39D42166944C42D2FB15A124E59A
SRR1314706,2015-06-11 00:00:00,2014-06-11 10:34:14,33535071,6774084342,33535071,202,4538,,https://sra-downloadb.be-md.ncbi.nlm.nih.gov/sos5/sra-pub-zq-11/SRR001/314/SRR1314706/SRR1314706.sralite.1,SRX560691,,RNA-Seq,PolyA,TRANSCRIPTOMIC,PAIRED,0,0,ILLUMINA,Illumina HiSeq 2000,SRP042621,PRJNA248887,,248887,SRS624918,SAMN02821161,simple,49495,Ceratopteris richardii,4.5dai Hn-n in CFM,,,,,,,no,,,,,PURDUE UNIVERSITY,SRA168425,,public,C1CE1FBB2D55DBD9E97C47C2209D5628,92120F4C0868B01D0D2337C8F95808F3
SRR1313276,2015-06-11 00:00:00,2014-06-09 22:43:46,30321638,6124970876,30321638,202,4270,,https://sra-downloadb.be-md.ncbi.nlm.nih.gov/sos5/sra-pub-zq-11/SRR001/313/SRR1313276/SRR1313276.sralite.1,SRX559899,FM1,RNA-Seq,PolyA,TRANSCRIPTOMIC,PAIRED,0,0,ILLUMINA,Illumina HiSeq 2000,SRP042621,PRJNA248887,,248887,SRS624443,SAMN02803864,simple,49495,Ceratopteris richardii,4.5dai Hn-n,,,,,,,no,,,,,PURDUE UNIVERSITY,SRA168407,,public,F7743296495FD064FDD44182016A4D40,86F9D968583B7F0EBDA6ED19B0E7C46F
Run,ReleaseDate,LoadDate,spots,bases,spots_with_mates,avgLength,size_MB,AssemblyName,download_path,Experiment,LibraryName,LibraryStrategy,LibrarySelection,LibrarySource,LibraryLayout,InsertSize,InsertDev,Platform,Model,SRAStudy,BioProject,Study_Pubmed_id,ProjectID,Sample,BioSample,SampleType,TaxID,ScientificName,SampleName,g1k_pop_code,source,g1k_analysis_group,Subject_ID,Sex,Disease,Tumor,Affection_Status,Analyte_Type,Histological_Type,Body_Site,CenterName,Submission,dbgap_study_accession,Consent,RunHash,ReadHash
Run,ReleaseDate,LoadDate,spots,bases,spots_with_mates,avgLength,size_MB,AssemblyName,download_path,Experiment,LibraryName,LibraryStrategy,LibrarySelection,LibrarySource,LibraryLayout,InsertSize,InsertDev,Platform,Model,SRAStudy,BioProject,Study_Pubmed_id,ProjectID,Sample,BioSample,SampleType,TaxID,ScientificName,SampleName,g1k_pop_code,source,g1k_analysis_group,Subject_ID,Sex,Disease,Tumor,Affection_Status,Analyte_Type,Histological_Type,Body_Site,CenterName,Submission,dbgap_study_accession,Consent,RunHash,ReadHash
SRR30294743,2024-08-19 08:07:17,2024-08-19 08:04:31,23061175,6918352500,23061175,300,2144,,https://sra-downloadb.be-md.ncbi.nlm.nih.gov/sos6/sra-pub-zq-40/SRR030/30294/SRR30294743/SRR30294743.lite.1,SRX25755289,GmIAA9,RNA-Seq,PolyA,TRANSCRIPTOMIC,PAIRED,0,0,ILLUMINA,Illumina HiSeq 3000,SRP527273,PRJNA1149654,,1149654,SRS22394491,SAMN43253970,simple,49495,Ceratopteris richardii,GmIAA9,,,,,,,no,,,,,WAGENINGEN UNIVERSITY & RESEARCH,SRA1950526,,public,9995C0B58FA04B669CE7E5C582607A63,16B3F59FD08C299172A14783110996EA
SRR30294747,2024-08-19 09:30:10,2024-08-19 08:05:13,24241432,7272429600,24241432,300,2220,,https://sra-downloadb.be-md.ncbi.nlm.nih.gov/sos6/sra-pub-zq-40/SRR030/30294/SRR30294747/SRR30294747.lite.1,SRX25755285,GmMock12,RNA-Seq,PolyA,TRANSCRIPTOMIC,PAIRED,0,0,ILLUMINA,Illumina HiSeq 3000,SRP527273,PRJNA1149654,,1149654,SRS22394487,SAMN43253966,simple,49495,Ceratopteris richardii,GmMock12,,,,,,,no,,,,,WAGENINGEN UNIVERSITY & RESEARCH,SRA1950526,,public,BF14AC9E80D15D67E3FBB1CED6DB91FE,0E05A7AB341A47F0C536C656DE7E556F
SRR30294746,2024-08-19 09:30:10,2024-08-19 08:06:34,20018494,6005548200,20018494,300,1827,,https://sra-downloadb.be-md.ncbi.nlm.nih.gov/sos6/sra-pub-zq-40/SRR030/30294/SRR30294746/SRR30294746.lite.1,SRX25755286,GmMock4,RNA-Seq,PolyA,TRANSCRIPTOMIC,PAIRED,0,0,ILLUMINA,Illumina HiSeq 3000,SRP527273,PRJNA1149654,,1149654,SRS22394488,SAMN43253967,simple,49495,Ceratopteris richardii,GmMock4,,,,,,,no,,,,,WAGENINGEN UNIVERSITY & RESEARCH,SRA1950526,,public,59DB78976F5794CCBB1DAC06FF92B1C3,75A2B0E459CDFB5B1D544B181CA237CF
SRR30294741,2024-08-19 08:07:17,2024-08-19 08:04:05,26982672,8094801600,26982672,300,2456,,https://sra-downloadb.be-md.ncbi.nlm.nih.gov/sos6/sra-pub-zq-40/SRR030/30294/SRR30294741/SRR30294741.lite.1,SRX25755291,SpMock4,RNA-Seq,PolyA,TRANSCRIPTOMIC,PAIRED,0,0,ILLUMINA,Illumina HiSeq 3000,SRP527273,PRJNA1149654,,1149654,SRS22394493,SAMN43253972,simple,49495,Ceratopteris richardii,SpMock4,,,,,,,no,,,,,WAGENINGEN UNIVERSITY & RESEARCH,SRA1950526,,public,844A551FECBC178BE5160C4623277779,68753714B3880B6378986E9EF7D95936
SRR30294740,2024-08-19 08:07:17,2024-08-19 08:03:09,19967073,5990121900,19967073,300,1840,,https://sra-downloadb.be-md.ncbi.nlm.nih.gov/sos6/sra-pub-zq-40/SRR030/30294/SRR30294740/SRR30294740.lite.1,SRX25755292,SpMock5,RNA-Seq,PolyA,TRANSCRIPTOMIC,PAIRED,0,0,ILLUMINA,Illumina HiSeq 3000,SRP527273,PRJNA1149654,,1149654,SRS22394494,SAMN43253973,simple,49495,Ceratopteris richardii,SpMock5,,,,,,,no,,,,,WAGENINGEN UNIVERSITY & RESEARCH,SRA1950526,,public,6D40CF0B9B5452335EE4DCFEB5E4450A,11CA10C3B06B7BD788E8C29E091329F9
SRR30294754,2024-08-19 09:30:10,2024-08-19 08:06:23,19513515,5854054500,19513515,300,1809,,https://sra-downloadb.be-md.ncbi.nlm.nih.gov/sos6/sra-pub-zq-40/SRR030/30294/SRR30294754/SRR30294754.lite.1,SRX25755278,GmMock11,RNA-Seq,PolyA,TRANSCRIPTOMIC,PAIRED,0,0,ILLUMINA,Illumina HiSeq 3000,SRP527273,PRJNA1149654,,1149654,SRS22394480,SAMN43253965,simple,49495,Ceratopteris richardii,GmMock11,,,,,,,no,,,,,WAGENINGEN UNIVERSITY & RESEARCH,SRA1950526,,public,D59A955562D0B7B6F86DFAA644B70B26,7BB2DB70D4AD798E3DB5350A843EAE2C
SRR30294751,2024-08-19 08:07:17,2024-08-19 08:05:22,23025300,6907590000,23025300,300,2095,,https://sra-downloadb.be-md.ncbi.nlm.nih.gov/sos6/sra-pub-zq-40/SRR030/30294/SRR30294751/SRR30294751.lite.1,SRX25755281,SpIAA1,RNA-Seq,PolyA,TRANSCRIPTOMIC,PAIRED,0,0,ILLUMINA,Illumina HiSeq 3000,SRP527273,PRJNA1149654,,1149654,SRS22394483,SAMN43253976,simple,49495,Ceratopteris richardii,SpIAA1,,,,,,,no,,,,,WAGENINGEN UNIVERSITY & RESEARCH,SRA1950526,,public,4128299AC00970023244018AA63A3590,1AF9F726BA59B00444B142AA91F472CD
SRR30294750,2024-08-19 09:30:10,2024-08-19 08:06:27,20017920,6005376000,20017920,300,1838,,https://sra-downloadb.be-md.ncbi.nlm.nih.gov/sos6/sra-pub-zq-40/SRR030/30294/SRR30294750/SRR30294750.lite.1,SRX25755282,SpIAA2,RNA-Seq,PolyA,TRANSCRIPTOMIC,PAIRED,0,0,ILLUMINA,Illumina HiSeq 3000,SRP527273,PRJNA1149654,,1149654,SRS22394484,SAMN43253977,simple,49495,Ceratopteris richardii,SpIAA2,,,,,,,no,,,,,WAGENINGEN UNIVERSITY & RESEARCH,SRA1950526,,public,71D613DF9F4696EB1B72415F43DAFD35,531B3DAAC5D45775AC929923A7F81825
SRR30294749,2024-08-19 08:07:17,2024-08-19 08:05:14,23386117,7015835100,23386117,300,2150,,https://sra-downloadb.be-md.ncbi.nlm.nih.gov/sos6/sra-pub-zq-40/SRR030/30294/SRR30294749/SRR30294749.lite.1,SRX25755283,SpIAA3,RNA-Seq,PolyA,TRANSCRIPTOMIC,PAIRED,0,0,ILLUMINA,Illumina HiSeq 3000,SRP527273,PRJNA1149654,,1149654,SRS22394485,SAMN43253978,simple,49495,Ceratopteris richardii,SpIAA3,,,,,,,no,,,,,WAGENINGEN UNIVERSITY & RESEARCH,SRA1950526,,public,84778755739AAC1417D0EF7FE5295646,C595ED3BEBE1E55909CAEB2DF6873E2E
SRR30294753,2024-08-19 08:07:17,2024-08-19 08:05:16,22117951,6635385300,22117951,300,2031,,https://sra-downloadb.be-md.ncbi.nlm.nih.gov/sos6/sra-pub-zq-40/SRR030/30294/SRR30294753/SRR30294753.lite.1,SRX25755279,SpMock6,RNA-Seq,PolyA,TRANSCRIPTOMIC,PAIRED,0,0,ILLUMINA,Illumina HiSeq 3000,SRP527273,PRJNA1149654,,1149654,SRS22394481,SAMN43253974,simple,49495,Ceratopteris richardii,SpMock6,,,,,,,no,,,,,WAGENINGEN UNIVERSITY & RESEARCH,SRA1950526,,public,3E668AE59B627D384C471A773D7B7577,29C0A275902DEC41473B3DEBC8A1FCFE
SRR30294742,2024-11-11 13:16:32,2024-08-19 08:06:44,25214998,7564499400,25214998,300,2295,,https://sra-downloadb.be-md.ncbi.nlm.nih.gov/sos6/sra-pub-zq-40/SRR030/30294/SRR30294742/SRR30294742.lite.1,SRX25755290,GmIAA4,RNA-Seq,PolyA,TRANSCRIPTOMIC,PAIRED,0,0,ILLUMINA,Illumina HiSeq 3000,SRP527273,PRJNA1149654,,1149654,SRS22394492,SAMN43253971,simple,49495,Ceratopteris richardii,GmIAA4,,,,,,,no,,,,,WAGENINGEN UNIVERSITY & RESEARCH,SRA1950526,,public,3DBAAADF701FD7979E78D37815D48840,5CC1B99213EDD60E6B30912DB859E56C
SRR30294745,2024-11-11 13:16:32,2024-08-19 08:07:17,23560494,7068148200,23560494,300,2169,,https://sra-downloadb.be-md.ncbi.nlm.nih.gov/sos6/sra-pub-zq-40/SRR030/30294/SRR30294745/SRR30294745.lite.1,SRX25755287,GmIAA7,RNA-Seq,PolyA,TRANSCRIPTOMIC,PAIRED,0,0,ILLUMINA,Illumina HiSeq 3000,SRP527273,PRJNA1149654,,1149654,SRS22394489,SAMN43253968,simple,49495,Ceratopteris richardii,GmIAA7,,,,,,,no,,,,,WAGENINGEN UNIVERSITY & RESEARCH,SRA1950526,,public,D2D22440BA6C41930D24D92F9FE29BF4,08C8711D115B16D178978377015BF9FE
SRR30294744,2024-11-11 13:16:32,2024-08-19 08:06:50,22621759,6786527700,22621759,300,2091,,https://sra-downloadb.be-md.ncbi.nlm.nih.gov/sos6/sra-pub-zq-40/SRR030/30294/SRR30294744/SRR30294744.lite.1,SRX25755288,GmIAA8,RNA-Seq,PolyA,TRANSCRIPTOMIC,PAIRED,0,0,ILLUMINA,Illumina HiSeq 3000,SRP527273,PRJNA1149654,,1149654,SRS22394490,SAMN43253969,simple,49495,Ceratopteris richardii,GmIAA8,,,,,,,no,,,,,WAGENINGEN UNIVERSITY & RESEARCH,SRA1950526,,public,11841AC71CABCE84839872230E129E40,CB706166FA1BFE869D533DAA9BCED2A7
SRR30294748,2024-11-11 13:16:32,2024-08-19 08:07:27,25676569,7702970700,25676569,300,2335,,https://sra-downloadb.be-md.ncbi.nlm.nih.gov/sos6/sra-pub-zq-40/SRR030/30294/SRR30294748/SRR30294748.lite.1,SRX25755284,SpIAA4,RNA-Seq,PolyA,TRANSCRIPTOMIC,PAIRED,0,0,ILLUMINA,Illumina HiSeq 3000,SRP527273,PRJNA1149654,,1149654,SRS22394486,SAMN43253979,simple,49495,Ceratopteris richardii,SpIAA4,,,,,,,no,,,,,WAGENINGEN UNIVERSITY & RESEARCH,SRA1950526,,public,A794F7DA50FD40EB1840C78CFED04F4E,FEC64714A10172C5F2B4D6C046B6E71C
SRR30294752,2024-11-11 13:16:32,2024-08-19 08:06:35,25748323,7724496900,25748323,300,2338,,https://sra-downloadb.be-md.ncbi.nlm.nih.gov/sos6/sra-pub-zq-40/SRR030/30294/SRR30294752/SRR30294752.lite.1,SRX25755280,SpMock4_batch2,RNA-Seq,PolyA,TRANSCRIPTOMIC,PAIRED,0,0,ILLUMINA,Illumina HiSeq 3000,SRP527273,PRJNA1149654,,1149654,SRS22394482,SAMN43253975,simple,49495,Ceratopteris richardii,SpMock4_batch2,,,,,,,no,,,,,WAGENINGEN UNIVERSITY & RESEARCH,SRA1950526,,public,79A04665A21A3AE0CD83E44897020363,E5B705202CBF0527C6D72200A753C3A3
SRR30294755,2024-11-11 13:16:33,2024-08-19 08:07:12,22813215,6843964500,22813215,300,2099,,https://sra-downloadb.be-md.ncbi.nlm.nih.gov/sos6/sra-pub-zq-40/SRR030/30294/SRR30294755/SRR30294755.lite.1,SRX25755277,GmMock10,RNA-Seq,PolyA,TRANSCRIPTOMIC,PAIRED,0,0,ILLUMINA,Illumina HiSeq 3000,SRP527273,PRJNA1149654,,1149654,SRS22394479,SAMN43253964,simple,49495,Ceratopteris richardii,GmMock10,,,,,,,no,,,,,WAGENINGEN UNIVERSITY & RESEARCH,SRA1950526,,public,E6C8D6CA2314716DBF7FAA29352035E7,FC3F668B629B96A1E155EF61315732AD
Run,ReleaseDate,LoadDate,spots,bases,spots_with_mates,avgLength,size_MB,AssemblyName,download_path,Experiment,LibraryName,LibraryStrategy,LibrarySelection,LibrarySource,LibraryLayout,InsertSize,InsertDev,Platform,Model,SRAStudy,BioProject,Study_Pubmed_id,ProjectID,Sample,BioSample,SampleType,TaxID,ScientificName,SampleName,g1k_pop_code,source,g1k_analysis_group,Subject_ID,Sex,Disease,Tumor,Affection_Status,Analyte_Type,Histological_Type,Body_Site,CenterName,Submission,dbgap_study_accession,Consent,RunHash,ReadHash
SRR29324681,2024-07-25 00:04:46,2024-06-07 17:51:44,29179064,8753719200,29179064,300,2666,,https://sra-downloadb.be-md.ncbi.nlm.nih.gov/sos6/sra-pub-zq-40/SRR029/29324/SRR29324681/SRR29324681.lite.1,SRX24841155,CrHAM KD_HG_5 DAG_2,RNA-Seq,cDNA,TRANSCRIPTOMIC,PAIRED,0,0,ILLUMINA,Illumina HiSeq 2000,SRP512486,PRJNA1121398,,1121398,SRS21552672,SAMN41749068,simple,49495,Ceratopteris richardii,Ceratopteris CrHAM KD #37 5 DAG Hermaphrodites biological replicate 2,,,,,hermaphrodite,,no,,,,,PURDUE UNIVERSITY,SRA1892180,,public,F34DB12797551F8F0948D8091EF46F4D,980A81524FD7C076E3D800888F25BA97
SRR29324680,2024-07-25 00:04:46,2024-06-07 17:55:17,24706124,7411837200,24706124,300,2263,,https://sra-downloadb.be-md.ncbi.nlm.nih.gov/sos6/sra-pub-zq-40/SRR029/29324/SRR29324680/SRR29324680.lite.1,SRX24841156,CrHAM KD_HG_5 DAG_3,RNA-Seq,cDNA,TRANSCRIPTOMIC,PAIRED,0,0,ILLUMINA,Illumina HiSeq 2000,SRP512486,PRJNA1121398,,1121398,SRS21552673,SAMN41749069,simple,49495,Ceratopteris richardii,Ceratopteris CrHAM KD #37 5 DAG Hermaphrodites biological replicate 3,,,,,hermaphrodite,,no,,,,,PURDUE UNIVERSITY,SRA1892180,,public,3D13F2E69E48B4FFF450DF23B5454C9B,AB8152E903611ADB9546C64848060A40
SRR29324679,2024-07-25 00:04:46,2024-06-07 17:57:24,39306553,11791965900,39306553,300,3548,,https://sra-downloadb.be-md.ncbi.nlm.nih.gov/sos6/sra-pub-zq-40/SRR029/29324/SRR29324679/SRR29324679.lite.1,SRX24841157,CrHAM KD_HG_5 DAG_4,RNA-Seq,cDNA,TRANSCRIPTOMIC,PAIRED,0,0,ILLUMINA,Illumina HiSeq 2000,SRP512486,PRJNA1121398,,1121398,SRS21552674,SAMN41749070,simple,49495,Ceratopteris richardii,Ceratopteris CrHAM KD #37 5 DAG Hermaphrodites biological replicate 4,,,,,hermaphrodite,,no,,,,,PURDUE UNIVERSITY,SRA1892180,,public,D5AA6605306C551763A33BEBDA75D296,69B398B06FEEC4B36225F9C27812C3DD
SRR29324686,2024-07-25 00:04:46,2024-06-07 17:55:32,35559030,10667709000,35559030,300,3213,,https://sra-downloadb.be-md.ncbi.nlm.nih.gov/sos6/sra-pub-zq-40/SRR029/29324/SRR29324686/SRR29324686.lite.1,SRX24841158,WT_MG_5 DAG_1,RNA-Seq,cDNA,TRANSCRIPTOMIC,PAIRED,0,0,ILLUMINA,Illumina HiSeq 2000,SRP512486,PRJNA1121398,,1121398,SRS21552675,SAMN41749071,simple,49495,Ceratopteris richardii,Ceratopteris WT 5 DAG Males biological replicate 1,,,,,male,,no,,,,,PURDUE UNIVERSITY,SRA1892180,,public,64A0BFE545652AE89DCD75D109F5CCDF,A78019B30388BB1D6AC9EE65AF5BD71B
SRR29324678,2024-07-25 00:04:46,2024-06-07 17:57:24,38607887,11582366100,38607887,300,3687,,https://sra-downloadb.be-md.ncbi.nlm.nih.gov/sos6/sra-pub-zq-40/SRR029/29324/SRR29324678/SRR29324678.lite.1,SRX24841159,WT_MG_5 DAG_2,RNA-Seq,cDNA,TRANSCRIPTOMIC,PAIRED,0,0,ILLUMINA,Illumina HiSeq 2000,SRP512486,PRJNA1121398,,1121398,SRS21552676,SAMN41749072,simple,49495,Ceratopteris richardii,Ceratopteris WT 5 DAG Males biological replicate 2,,,,,male,,no,,,,,PURDUE UNIVERSITY,SRA1892180,,public,65AFD1E6EF71C7360D49DF5A2F147F9A,DC92B9D018C1F242D7F58B32D79B4EF0
SRR29324682,2024-07-25 00:04:46,2024-06-07 17:52:04,33102084,9930625200,33102084,300,3014,,https://sra-downloadb.be-md.ncbi.nlm.nih.gov/sos6/sra-pub-zq-40/SRR029/29324/SRR29324682/SRR29324682.lite.1,SRX24841154,CrHAM KD_HG_5 DAG_1,RNA-Seq,cDNA,TRANSCRIPTOMIC,PAIRED,0,0,ILLUMINA,Illumina HiSeq 2000,SRP512486,PRJNA1121398,,1121398,SRS21552671,SAMN41749067,simple,49495,Ceratopteris richardii,Ceratopteris CrHAM KD #37 5 DAG Hermaphrodites biological replicate 1,,,,,hermaphrodite,,no,,,,,PURDUE UNIVERSITY,SRA1892180,,public,05BCCFE49D81FBD363C7DB4C07607D0D,B69C3F92124DFA985B5C99C02D7A489D
SRR29324685,2024-07-25 00:04:46,2024-06-07 17:51:56,21950826,6585247800,21950826,300,1959,,https://sra-downloadb.be-md.ncbi.nlm.nih.gov/sos6/sra-pub-zq-40/SRR029/29324/SRR29324685/SRR29324685.lite.1,SRX24841150,CrHAM KD_HG_8 DAG_2,RNA-Seq,cDNA,TRANSCRIPTOMIC,PAIRED,0,0,ILLUMINA,Illumina HiSeq 2000,SRP512486,PRJNA1121398,,1121398,SRS21552667,SAMN41749084,simple,49495,Ceratopteris richardii,Ceratopteris CrHAM KD #37 8 DAG Hermaphrodites biological replicate 2,,,,,hermaphrodite,,no,,,,,PURDUE UNIVERSITY,SRA1892180,,public,DA54CC9FF3E3F46D74647B76F48723D8,8877C8576038E2636CC6178B265C582E
SRR29324684,2024-07-25 00:04:46,2024-06-07 17:51:37,25233299,7569989700,25233299,300,2240,,https://sra-downloadb.be-md.ncbi.nlm.nih.gov/sos6/sra-pub-zq-40/SRR029/29324/SRR29324684/SRR29324684.lite.1,SRX24841151,CrHAM KD_HG_8 DAG_3,RNA-Seq,cDNA,TRANSCRIPTOMIC,PAIRED,0,0,ILLUMINA,Illumina HiSeq 2000,SRP512486,PRJNA1121398,,1121398,SRS21552668,SAMN41749085,simple,49495,Ceratopteris richardii,Ceratopteris CrHAM KD #37 8 DAG Hermaphrodites biological replicate 3,,,,,hermaphrodite,,no,,,,,PURDUE UNIVERSITY,SRA1892180,,public,8D391E2AA876D1CD45BB5312396EA450,D845A444A72458B75D772843CF2D66AD
SRR29324683,2024-07-25 00:04:46,2024-06-07 17:52:09,23355260,7006578000,23355260,300,2062,,https://sra-downloadb.be-md.ncbi.nlm.nih.gov/sos6/sra-pub-zq-40/SRR029/29324/SRR29324683/SRR29324683.lite.1,SRX24841152,CrHAM KD_HG_8 DAG_4,RNA-Seq,cDNA,TRANSCRIPTOMIC,PAIRED,0,0,ILLUMINA,Illumina HiSeq 2000,SRP512486,PRJNA1121398,,1121398,SRS21552669,SAMN41749086,simple,49495,Ceratopteris richardii,Ceratopteris CrHAM KD #37 8 DAG Hermaphrodites biological replicate 4,,,,,hermaphrodite,,no,,,,,PURDUE UNIVERSITY,SRA1892180,,public,165C7DA4992B9EBC62B1D8110D024875,03EAB61132CD7C46B327911CBA84AE1F
SRR29324689,2024-07-25 00:04:46,2024-06-07 17:56:56,38521725,11556517500,38521725,300,3497,,https://sra-downloadb.be-md.ncbi.nlm.nih.gov/sos6/sra-pub-zq-40/SRR029/29324/SRR29324689/SRR29324689.lite.1,SRX24841153,WT_HG_5 DAG_4,RNA-Seq,cDNA,TRANSCRIPTOMIC,PAIRED,0,0,ILLUMINA,Illumina HiSeq 2000,SRP512486,PRJNA1121398,,1121398,SRS21552670,SAMN41749066,simple,49495,Ceratopteris richardii,Ceratopteris WT 5 DAG Hermaphrodites biological replicate 4,,,,,hermaphrodite,,no,,,,,PURDUE UNIVERSITY,SRA1892180,,public,74F339931CFA549B268EEBA30EDCB808,61DA8081367844882B9233ABE06A28BD
SRR29324687,2024-07-25 00:04:45,2024-06-07 17:54:05,23362252,7008675600,23362252,300,2086,,https://sra-downloadb.be-md.ncbi.nlm.nih.gov/sos6/sra-pub-zq-40/SRR029/29324/SRR29324687/SRR29324687.lite.1,SRX24841149,CrHAM KD_HG_8 DAG_1,RNA-Seq,cDNA,TRANSCRIPTOMIC,PAIRED,0,0,ILLUMINA,Illumina HiSeq 2000,SRP512486,PRJNA1121398,,1121398,SRS21552666,SAMN41749083,simple,49495,Ceratopteris richardii,Ceratopteris CrHAM KD #37 8 DAG Hermaphrodites biological replicate 1,,,,,hermaphrodite,,no,,,,,PURDUE UNIVERSITY,SRA1892180,,public,C8E4C5DAB2613FE3939B741B6BB4F1FD,112A72C06144297E444DBA1D3837CD42
SRR29324688,2024-07-25 00:04:45,2024-06-07 17:55:50,36832260,11049678000,36832260,300,3347,,https://sra-downloadb.be-md.ncbi.nlm.nih.gov/sos6/sra-pub-zq-40/SRR029/29324/SRR29324688/SRR29324688.lite.1,SRX24841148,WT_HG_5 DAG_3,RNA-Seq,cDNA,TRANSCRIPTOMIC,PAIRED,0,0,ILLUMINA,Illumina HiSeq 2000,SRP512486,PRJNA1121398,,1121398,SRS21552665,SAMN41749065,simple,49495,Ceratopteris richardii,Ceratopteris WT 5 DAG Hermaphrodites biological replicate 3,,,,,hermaphrodite,,no,,,,,PURDUE UNIVERSITY,SRA1892180,,public,D93F5E85E4F0B9717BFE054C92AA0D3A,32BEAFA83F89BC2EE8702429CA952B12
SRR29324692,2024-07-25 00:04:45,2024-06-07 18:05:47,36148601,10844580300,36148601,300,3303,,https://sra-downloadb.be-md.ncbi.nlm.nih.gov/sos6/sra-pub-zq-40/SRR029/29324/SRR29324692/SRR29324692.lite.1,SRX24841145,WT_HG_8 DAG_2,RNA-Seq,cDNA,TRANSCRIPTOMIC,PAIRED,0,0,ILLUMINA,Illumina HiSeq 2000,SRP512486,PRJNA1121398,,1121398,SRS21552662,SAMN41749080,simple,49495,Ceratopteris richardii,Ceratopteris WT 8 DAG Hermaphrodites biological replicate 2,,,,,hermaphrodite,,no,,,,,PURDUE UNIVERSITY,SRA1892180,,public,124D0E24EC6380084E4874F64AF8BBCB,17BE8EE3B8C8DB0CA91311E51ECCE762
SRR29324691,2024-07-25 00:04:45,2024-06-07 17:54:13,20520977,6156293100,20520977,300,1817,,https://sra-downloadb.be-md.ncbi.nlm.nih.gov/sos6/sra-pub-zq-40/SRR029/29324/SRR29324691/SRR29324691.lite.1,SRX24841146,WT_HG_8 DAG_3,RNA-Seq,cDNA,TRANSCRIPTOMIC,PAIRED,0,0,ILLUMINA,Illumina HiSeq 2000,SRP512486,PRJNA1121398,,1121398,SRS21552663,SAMN41749081,simple,49495,Ceratopteris richardii,Ceratopteris WT 8 DAG Hermaphrodites biological replicate 3,,,,,hermaphrodite,,no,,,,,PURDUE UNIVERSITY,SRA1892180,,public,74DD9303E7866E0A91B686D5E7FFFA43,CE12F30CA7BF09DA812FD2D529809316
SRR29324690,2024-07-25 00:04:45,2024-06-07 17:54:31,22081727,6624518100,22081727,300,2009,,https://sra-downloadb.be-md.ncbi.nlm.nih.gov/sos6/sra-pub-zq-40/SRR029/29324/SRR29324690/SRR29324690.lite.1,SRX24841147,WT_HG_8 DAG_4,RNA-Seq,cDNA,TRANSCRIPTOMIC,PAIRED,0,0,ILLUMINA,Illumina HiSeq 2000,SRP512486,PRJNA1121398,,1121398,SRS21552664,SAMN41749082,simple,49495,Ceratopteris richardii,Ceratopteris WT 8 DAG Hermaphrodites biological replicate 4,,,,,hermaphrodite,,no,,,,,PURDUE UNIVERSITY,SRA1892180,,public,66519C545DB82AC6A2DCFD3BC7171590,EECF73E0548DB4D7FE17A4A3AF969293
SRR29324696,2024-07-25 00:04:45,2024-06-07 17:53:59,20598564,6179569200,20598564,300,1863,,https://sra-downloadb.be-md.ncbi.nlm.nih.gov/sos6/sra-pub-zq-40/SRR029/29324/SRR29324696/SRR29324696.lite.1,SRX24841140,CrHAM KD_MG_5 DAG_1,RNA-Seq,cDNA,TRANSCRIPTOMIC,PAIRED,0,0,ILLUMINA,Illumina HiSeq 2000,SRP512486,PRJNA1121398,,1121398,SRS21552657,SAMN41749075,simple,49495,Ceratopteris richardii,Ceratopteris CrHAM KD #37 5 DAG Males biological replicate 1,,,,,male,,no,,,,,PURDUE UNIVERSITY,SRA1892180,,public,8796BF677DA71021B42685D3F2FBE118,385EA3CC193A9B54C171157CE05663DB
SRR29324695,2024-07-25 00:04:45,2024-06-07 17:57:02,30366628,9109988400,30366628,300,2868,,https://sra-downloadb.be-md.ncbi.nlm.nih.gov/sos6/sra-pub-zq-40/SRR029/29324/SRR29324695/SRR29324695.lite.1,SRX24841141,CrHAM KD_MG_5 DAG_2,RNA-Seq,cDNA,TRANSCRIPTOMIC,PAIRED,0,0,ILLUMINA,Illumina HiSeq 2000,SRP512486,PRJNA1121398,,1121398,SRS21552658,SAMN41749076,simple,49495,Ceratopteris richardii,Ceratopteris CrHAM KD #37 5 DAG Males biological replicate 2,,,,,male,,no,,,,,PURDUE UNIVERSITY,SRA1892180,,public,18F1E6C4E239C2DA0DA0D396A1661345,9D1C0B029D2240CF14340D7F1B821C2D
SRR29324694,2024-07-25 00:04:45,2024-06-07 17:58:15,30664521,9199356300,30664521,300,2753,,https://sra-downloadb.be-md.ncbi.nlm.nih.gov/sos6/sra-pub-zq-40/SRR029/29324/SRR29324694/SRR29324694.lite.1,SRX24841142,CrHAM KD_MG_5 DAG_3,RNA-Seq,cDNA,TRANSCRIPTOMIC,PAIRED,0,0,ILLUMINA,Illumina HiSeq 2000,SRP512486,PRJNA1121398,,1121398,SRS21552659,SAMN41749077,simple,49495,Ceratopteris richardii,Ceratopteris CrHAM KD #37 5 DAG Males biological replicate 3,,,,,male,,no,,,,,PURDUE UNIVERSITY,SRA1892180,,public,D65907A086E26E1D85D0B51A86FFC8EF,66CC8AF521DC9EEB957C41AD4EC87C1C
SRR29324697,2024-07-25 00:04:45,2024-06-07 17:58:14,33177206,9953161800,33177206,300,3009,,https://sra-downloadb.be-md.ncbi.nlm.nih.gov/sos6/sra-pub-zq-40/SRR029/29324/SRR29324697/SRR29324697.lite.1,SRX24841143,CrHAM KD_MG_5 DAG_4,RNA-Seq,cDNA,TRANSCRIPTOMIC,PAIRED,0,0,ILLUMINA,Illumina HiSeq 2000,SRP512486,PRJNA1121398,,1121398,SRS21552660,SAMN41749078,simple,49495,Ceratopteris richardii,Ceratopteris CrHAM KD #37 5 DAG Males biological replicate 4,,,,,male,,no,,,,,PURDUE UNIVERSITY,SRA1892180,,public,6C571CFD3A72548C6123263F350C940E,EE863090838F10A5415D8A7FD6EF8FE2
SRR29324693,2024-07-25 00:04:45,2024-06-07 17:53:16,22665737,6799721100,22665737,300,2039,,https://sra-downloadb.be-md.ncbi.nlm.nih.gov/sos6/sra-pub-zq-40/SRR029/29324/SRR29324693/SRR29324693.lite.1,SRX24841144,WT_HG_8 DAG_1,RNA-Seq,cDNA,TRANSCRIPTOMIC,PAIRED,0,0,ILLUMINA,Illumina HiSeq 2000,SRP512486,PRJNA1121398,,1121398,SRS21552661,SAMN41749079,simple,49495,Ceratopteris richardii,Ceratopteris WT 8 DAG Hermaphrodites biological replicate 1,,,,,hermaphrodite,,no,,,,,PURDUE UNIVERSITY,SRA1892180,,public,998A1B30B3A6D1362E89076CCA7E105D,D63A7387B7865D2C19DE29CF2439288B
SRR29324701,2024-07-25 00:04:44,2024-06-07 17:54:48,33961524,10188457200,33961524,300,3093,,https://sra-downloadb.be-md.ncbi.nlm.nih.gov/sos6/sra-pub-zq-40/SRR029/29324/SRR29324701/SRR29324701.lite.1,SRX24841136,WT_HG_5 DAG_1,RNA-Seq,cDNA,TRANSCRIPTOMIC,PAIRED,0,0,ILLUMINA,Illumina HiSeq 2000,SRP512486,PRJNA1121398,,1121398,SRS21552653,SAMN41749063,simple,49495,Ceratopteris richardii,Ceratopteris WT 5 DAG Hermaphrodites biological replicate 1,,,,,hermaphrodite,,no,,,,,PURDUE UNIVERSITY,SRA1892180,,public,5165DBB2DFF6F8BD93E40590FDE4D45F,DDED54ACCF80DC241E7DC5AD36CAFEEE
SRR29324700,2024-07-25 00:04:45,2024-06-07 17:57:26,46841960,14052588000,46841960,300,4241,,https://sra-downloadb.be-md.ncbi.nlm.nih.gov/sos6/sra-pub-zq-40/SRR029/29324/SRR29324700/SRR29324700.lite.1,SRX24841137,WT_HG_5 DAG_2,RNA-Seq,cDNA,TRANSCRIPTOMIC,PAIRED,0,0,ILLUMINA,Illumina HiSeq 2000,SRP512486,PRJNA1121398,,1121398,SRS21552654,SAMN41749064,simple,49495,Ceratopteris richardii,Ceratopteris WT 5 DAG Hermaphrodites biological replicate 2,,,,,hermaphrodite,,no,,,,,PURDUE UNIVERSITY,SRA1892180,,public,C7F43B31F09380A853D77062250C79AC,6FF00EEB885532E3F8CECECF5DEC43D1
SRR29324699,2024-07-25 00:04:45,2024-06-07 17:56:50,31798138,9539441400,31798138,300,2874,,https://sra-downloadb.be-md.ncbi.nlm.nih.gov/sos6/sra-pub-zq-40/SRR029/29324/SRR29324699/SRR29324699.lite.1,SRX24841138,WT_MG_5 DAG_3,RNA-Seq,cDNA,TRANSCRIPTOMIC,PAIRED,0,0,ILLUMINA,Illumina HiSeq 2000,SRP512486,PRJNA1121398,,1121398,SRS21552655,SAMN41749073,simple,49495,Ceratopteris richardii,Ceratopteris WT 5 DAG Males biological replicate 3,,,,,male,,no,,,,,PURDUE UNIVERSITY,SRA1892180,,public,7472613F0B2C8B3A697E5FA144E19551,72A6DD519987F0151D9340B3115EF4DD
SRR29324698,2024-07-25 00:04:45,2024-06-07 17:59:24,32751334,9825400200,32751334,300,3002,,https://sra-downloadb.be-md.ncbi.nlm.nih.gov/sos6/sra-pub-zq-40/SRR029/29324/SRR29324698/SRR29324698.lite.1,SRX24841139,WT_MG_5 DAG_4,RNA-Seq,cDNA,TRANSCRIPTOMIC,PAIRED,0,0,ILLUMINA,Illumina HiSeq 2000,SRP512486,PRJNA1121398,,1121398,SRS21552656,SAMN41749074,simple,49495,Ceratopteris richardii,Ceratopteris WT 5 DAG Males biological replicate 4,,,,,male,,no,,,,,PURDUE UNIVERSITY,SRA1892180,,public,01BC657A4944204ED0FB5ACA04B0E219,4102E7B86A47DE25A8520DB96745DA24
Run,ReleaseDate,LoadDate,spots,bases,spots_with_mates,avgLength,size_MB,AssemblyName,download_path,Experiment,LibraryName,LibraryStrategy,LibrarySelection,LibrarySource,LibraryLayout,InsertSize,InsertDev,Platform,Model,SRAStudy,BioProject,Study_Pubmed_id,ProjectID,Sample,BioSample,SampleType,TaxID,ScientificName,SampleName,g1k_pop_code,source,g1k_analysis_group,Subject_ID,Sex,Disease,Tumor,Affection_Status,Analyte_Type,Histological_Type,Body_Site,CenterName,Submission,dbgap_study_accession,Consent,RunHash,ReadHash
ERR3436535,2019-10-23 13:43:03,2019-10-25 13:35:01,24869835,7510690170,24869835,302,3366,,https://sra-downloadb.be-md.ncbi.nlm.nih.gov/sos3/sra-pub-zq-22/ERR003/436/ERR3436535.sralite.1,ERX3458558,,RNA-Seq,cDNA,TRANSCRIPTOMIC,PAIRED,250,0,ILLUMINA,Illumina HiSeq 4000,ERP116159,PRJEB33372,,579111,ERS3563458,SAMEA5760009,simple,49495,Ceratopteris richardii,SAMEA5760009,,,,,,,no,,,,,UT AUSTIN,ERA2039761,,public,82C80B86AAC111440BF1C63B68A57AE6,31420D16606BDD150443DF42E30FEFAA
ERR3436536,2019-10-23 13:43:03,2019-10-25 13:39:37,32097885,9693561270,32097885,302,4347,,https://sra-downloadb.be-md.ncbi.nlm.nih.gov/sos5/sra-pub-zq-16/ERR003/3436/ERR3436536/ERR3436536.lite.1,ERX3458559,,RNA-Seq,cDNA,TRANSCRIPTOMIC,PAIRED,250,0,ILLUMINA,Illumina HiSeq 4000,ERP116159,PRJEB33372,,579111,ERS3563459,SAMEA5760010,simple,49495,Ceratopteris richardii,SAMEA5760010,,,,,,,no,,,,,UT AUSTIN,ERA2039761,,public,33EEEB29CF3E4A198578503F157D8E22,4723B624D60464B54A194C34C44C2604
ERR3436537,2019-10-23 13:43:03,2019-10-25 13:51:44,24007944,7250399088,24007944,302,3252,,https://sra-downloadb.be-md.ncbi.nlm.nih.gov/sos5/sra-pub-zq-16/ERR003/436/ERR3436537.sralite.1,ERX3458560,,RNA-Seq,cDNA,TRANSCRIPTOMIC,PAIRED,250,0,ILLUMINA,Illumina HiSeq 4000,ERP116159,PRJEB33372,,579111,ERS3563460,SAMEA5760011,simple,49495,Ceratopteris richardii,SAMEA5760011,,,,,,,no,,,,,UT AUSTIN,ERA2039761,,public,9020323ED675F1C8477D3CCD72180EFF,43663535599F9618B46480305963FC60
